-- MySQL dump 10.13  Distrib 8.0.34, for Win64 (x86_64)
--
-- Host: 127.0.0.1    Database: db_pide_tu_cita
-- ------------------------------------------------------
-- Server version	8.0.34

/*!40101 SET @OLD_CHARACTER_SET_CLIENT=@@CHARACTER_SET_CLIENT */;
/*!40101 SET @OLD_CHARACTER_SET_RESULTS=@@CHARACTER_SET_RESULTS */;
/*!40101 SET @OLD_COLLATION_CONNECTION=@@COLLATION_CONNECTION */;
/*!50503 SET NAMES utf8 */;
/*!40103 SET @OLD_TIME_ZONE=@@TIME_ZONE */;
/*!40103 SET TIME_ZONE='+00:00' */;
/*!40014 SET @OLD_UNIQUE_CHECKS=@@UNIQUE_CHECKS, UNIQUE_CHECKS=0 */;
/*!40014 SET @OLD_FOREIGN_KEY_CHECKS=@@FOREIGN_KEY_CHECKS, FOREIGN_KEY_CHECKS=0 */;
/*!40101 SET @OLD_SQL_MODE=@@SQL_MODE, SQL_MODE='NO_AUTO_VALUE_ON_ZERO' */;
/*!40111 SET @OLD_SQL_NOTES=@@SQL_NOTES, SQL_NOTES=0 */;

--
-- Table structure for table `tb_negocios`
--

DROP TABLE IF EXISTS `tb_negocios`;
/*!40101 SET @saved_cs_client     = @@character_set_client */;
/*!50503 SET character_set_client = utf8mb4 */;
CREATE TABLE `tb_negocios` (
  `id` varchar(36) NOT NULL,
  `nombre` varchar(128) NOT NULL,
  `telefono` varchar(20) NOT NULL,
  `email` varchar(45) NOT NULL,
  `ubicacion` varchar(128) NOT NULL,
  `url_imagen` varchar(256) DEFAULT NULL,
  `hora_inicio` time NOT NULL,
  `hora_fin` time NOT NULL,
  `intervalo` time NOT NULL,
  `id_usuario` varchar(36) NOT NULL,
  `categoria` varchar(45) NOT NULL,
  PRIMARY KEY (`id`),
  KEY `fk_usuario_idx` (`id_usuario`),
  CONSTRAINT `fk_usuario` FOREIGN KEY (`id_usuario`) REFERENCES `tb_usuarios` (`id`)
) ENGINE=InnoDB DEFAULT CHARSET=utf8mb4 COLLATE=utf8mb4_0900_ai_ci;
/*!40101 SET character_set_client = @saved_cs_client */;

--
-- Dumping data for table `tb_negocios`
--

LOCK TABLES `tb_negocios` WRITE;
/*!40000 ALTER TABLE `tb_negocios` DISABLE KEYS */;
INSERT INTO `tb_negocios` VALUES ('39ac0120-ddd4-46cd-aeda-cfa7699b7b73','Barberia Old Fashion Style','900458245','oldfashionstyle@gmail.com','Calle Ficticia, 123 08001 Barcelona España','4bc12c89-fb99-43b1-a60e-64f0d5abcf50_20231130132242.webp','10:00:00','18:00:00','01:00:00','4bc12c89-fb99-43b1-a60e-64f0d5abcf50','Peluquerias / Barberias'),('539aa82a-07fa-42fe-a254-e2d68d33934d','Propiedades Estratégicas Consultores','627854751','propiedadesestrategicas@gmail.com','Avenida del Rosal, 34 Barrio de la Esperanza Ciudad Real, CP 28001 España','4bc12c89-fb99-43b1-a60e-64f0d5abcf50_20231123181344.webp','10:00:00','18:00:00','02:00:00','4bc12c89-fb99-43b1-a60e-64f0d5abcf50','Oficinas'),('fec7c26e-1815-497b-97fa-28768df06506','Estilo Perfecto','900256581','estiloperfecto@gmail.com','Calle de la Belleza, 123 08402 Barcelona España','4bc12c89-fb99-43b1-a60e-64f0d5abcf50_20231129143207.webp','10:00:00','18:00:00','02:00:00','4bc12c89-fb99-43b1-a60e-64f0d5abcf50','Peluquerias / Barberias');
/*!40000 ALTER TABLE `tb_negocios` ENABLE KEYS */;
UNLOCK TABLES;

--
-- Table structure for table `tb_reservaciones`
--

DROP TABLE IF EXISTS `tb_reservaciones`;
/*!40101 SET @saved_cs_client     = @@character_set_client */;
/*!50503 SET character_set_client = utf8mb4 */;
CREATE TABLE `tb_reservaciones` (
  `id` varchar(36) NOT NULL,
  `id_negocio` varchar(36) NOT NULL,
  `fecha` datetime NOT NULL,
  `estado` tinyint(1) NOT NULL,
  `nombre` varchar(45) DEFAULT NULL,
  `telefono` varchar(20) DEFAULT NULL,
  PRIMARY KEY (`id`),
  KEY `fk_negocio_idx` (`id_negocio`),
  CONSTRAINT `fk_negocio` FOREIGN KEY (`id_negocio`) REFERENCES `tb_negocios` (`id`)
) ENGINE=InnoDB DEFAULT CHARSET=utf8mb4 COLLATE=utf8mb4_0900_ai_ci;
/*!40101 SET character_set_client = @saved_cs_client */;

--
-- Dumping data for table `tb_reservaciones`
--

LOCK TABLES `tb_reservaciones` WRITE;
/*!40000 ALTER TABLE `tb_reservaciones` DISABLE KEYS */;
INSERT INTO `tb_reservaciones` VALUES ('01134ed5-cd3b-4d81-bc7a-95dc7606c255','39ac0120-ddd4-46cd-aeda-cfa7699b7b73','2023-12-09 10:00:00',0,'',''),('015b2f3a-66bc-4d34-b1e2-992853be50a8','39ac0120-ddd4-46cd-aeda-cfa7699b7b73','2023-12-29 12:00:00',0,'',''),('017437b9-5f02-4ada-9f19-51132c5d3248','39ac0120-ddd4-46cd-aeda-cfa7699b7b73','2023-12-07 11:00:00',0,'',''),('018f9dde-14ba-45b8-8aee-4716ecd4c8cf','39ac0120-ddd4-46cd-aeda-cfa7699b7b73','2023-12-06 17:00:00',0,'',''),('02255091-5acc-406e-986a-b0add6fc9b31','39ac0120-ddd4-46cd-aeda-cfa7699b7b73','2023-12-13 13:00:00',0,'',''),('02713c3b-0cf4-4cd2-8420-fb88ea6411bd','39ac0120-ddd4-46cd-aeda-cfa7699b7b73','2023-12-17 10:00:00',0,'',''),('02c146e4-1c43-4d2c-8b32-a85c559d9ac3','39ac0120-ddd4-46cd-aeda-cfa7699b7b73','2023-12-15 14:00:00',0,'',''),('04edfa28-952c-44c3-8bbf-08df86364770','39ac0120-ddd4-46cd-aeda-cfa7699b7b73','2023-12-02 18:00:00',0,'',''),('04f2f644-d8e9-4273-82fb-1fcd2c0d44a4','39ac0120-ddd4-46cd-aeda-cfa7699b7b73','2023-12-22 10:00:00',0,'',''),('059f2a6a-b6c7-4957-873f-df4956b687a7','39ac0120-ddd4-46cd-aeda-cfa7699b7b73','2023-12-29 15:00:00',0,'',''),('05c71da0-df68-4edb-a1fa-bacf0a51bcad','39ac0120-ddd4-46cd-aeda-cfa7699b7b73','2023-12-05 15:00:00',0,'',''),('05d645b5-bbf6-49f5-a55f-79c825c8cbbf','39ac0120-ddd4-46cd-aeda-cfa7699b7b73','2023-12-29 16:00:00',0,'',''),('060d473e-f011-4ef4-be6e-4833e85e06f3','539aa82a-07fa-42fe-a254-e2d68d33934d','2023-12-16 10:00:00',0,'',''),('073ce5b8-6740-4f06-b84c-3b7d6f32c297','539aa82a-07fa-42fe-a254-e2d68d33934d','2023-12-10 10:00:00',0,'',''),('07a89779-b7c5-4fbf-9408-6a4108ef749e','39ac0120-ddd4-46cd-aeda-cfa7699b7b73','2023-12-16 11:00:00',0,'',''),('07d9a11a-7c9b-45bd-9f2d-3d81e729945d','39ac0120-ddd4-46cd-aeda-cfa7699b7b73','2023-12-17 13:00:00',0,'',''),('0815360a-7595-4789-a7b0-b87aec510555','539aa82a-07fa-42fe-a254-e2d68d33934d','2023-12-03 12:00:00',0,'',''),('08d1e0e8-ec4f-4442-8c42-37e31452b6c4','39ac0120-ddd4-46cd-aeda-cfa7699b7b73','2023-12-19 15:00:00',0,'',''),('091ef0ad-2036-4cba-b80d-ec73348358d6','39ac0120-ddd4-46cd-aeda-cfa7699b7b73','2023-12-11 15:00:00',0,'',''),('094e421a-c658-4adb-a427-15ad3cd0a47b','fec7c26e-1815-497b-97fa-28768df06506','2023-12-16 14:00:00',0,'',''),('09a6f0da-a691-4b7b-b03c-825542b44ee4','39ac0120-ddd4-46cd-aeda-cfa7699b7b73','2023-12-02 11:00:00',0,'',''),('09ad95bf-489a-4e3f-a19f-d3ee4bd58978','fec7c26e-1815-497b-97fa-28768df06506','2023-12-03 12:00:00',0,'',''),('0b02127d-2e2d-4970-8db2-bf655035ebc3','539aa82a-07fa-42fe-a254-e2d68d33934d','2023-11-29 10:00:00',0,'',''),('0b99813a-1bdf-4840-a297-c7d8b5b6b486','fec7c26e-1815-497b-97fa-28768df06506','2023-12-12 16:00:00',0,'',''),('0d29d763-b0ab-4978-bc26-2534876c5fc4','39ac0120-ddd4-46cd-aeda-cfa7699b7b73','2023-12-09 15:00:00',0,'',''),('0d73416d-6db5-4f11-8bd6-98af802d8699','fec7c26e-1815-497b-97fa-28768df06506','2023-12-23 16:00:00',0,'',''),('0dbcf56d-f96a-417e-b526-5d3285f037e8','39ac0120-ddd4-46cd-aeda-cfa7699b7b73','2023-12-24 16:00:00',0,'',''),('0dd4d61f-53a5-4f2e-a6b0-d1c64893bd87','539aa82a-07fa-42fe-a254-e2d68d33934d','2023-12-15 18:00:00',0,'',''),('0ee0e4fa-e4a6-40b5-9741-d57e285b2896','39ac0120-ddd4-46cd-aeda-cfa7699b7b73','2023-12-01 12:00:00',0,'',''),('0f976c92-b73e-4f85-b631-10c543498c41','fec7c26e-1815-497b-97fa-28768df06506','2023-12-24 14:00:00',0,'',''),('0fc8d34f-f5e4-49a1-936c-f0daf6784c76','39ac0120-ddd4-46cd-aeda-cfa7699b7b73','2023-12-22 13:00:00',0,'',''),('104a14fb-8445-4c87-80e2-5229da93f651','539aa82a-07fa-42fe-a254-e2d68d33934d','2023-12-23 10:00:00',0,'',''),('10963c24-3034-40ae-b2d5-a389483333bd','539aa82a-07fa-42fe-a254-e2d68d33934d','2023-11-27 18:00:00',0,'',''),('10f46981-4491-4d66-9a73-61bfb5d688df','39ac0120-ddd4-46cd-aeda-cfa7699b7b73','2023-12-03 16:00:00',0,'',''),('118a0277-769e-4c2b-861c-95a58ca3bae4','fec7c26e-1815-497b-97fa-28768df06506','2023-12-18 16:00:00',0,'',''),('11cadab7-af35-420b-a603-a8be0ee5c68d','39ac0120-ddd4-46cd-aeda-cfa7699b7b73','2023-12-18 14:00:00',0,'',''),('11f23ffe-26b5-4454-a6f1-27eea6f0a1e5','39ac0120-ddd4-46cd-aeda-cfa7699b7b73','2023-12-14 18:00:00',0,'',''),('1230ffde-37df-4081-a36b-7b6ed23b3999','539aa82a-07fa-42fe-a254-e2d68d33934d','2023-12-07 16:00:00',0,'',''),('1273bb05-95ed-4221-bef7-80fdf768df27','fec7c26e-1815-497b-97fa-28768df06506','2023-12-08 12:00:00',0,'',''),('13a876db-3854-4b02-81e9-1621857713eb','539aa82a-07fa-42fe-a254-e2d68d33934d','2023-12-09 12:00:00',0,'',''),('13d59401-8274-4b03-bdbe-e2a6bb89dc8d','539aa82a-07fa-42fe-a254-e2d68d33934d','2023-12-24 18:00:00',0,'',''),('13f7a63e-2921-4047-886c-5c2871ec0376','fec7c26e-1815-497b-97fa-28768df06506','2023-12-28 14:00:00',0,'',''),('156f316f-b4bd-4f7b-8fc3-218e03a3f63a','39ac0120-ddd4-46cd-aeda-cfa7699b7b73','2023-12-14 13:00:00',0,'',''),('15f1015f-e61d-46fb-b69f-6cf11e10bd5e','fec7c26e-1815-497b-97fa-28768df06506','2023-11-30 18:00:00',0,'',''),('16757d13-a7fc-4ee7-a720-6f4f0f2942b0','fec7c26e-1815-497b-97fa-28768df06506','2023-12-22 16:00:00',0,'',''),('1710feae-271c-4e04-8046-84ede3202876','39ac0120-ddd4-46cd-aeda-cfa7699b7b73','2023-12-11 10:00:00',0,'',''),('19bca101-0173-4580-8bc2-56318fa002a1','fec7c26e-1815-497b-97fa-28768df06506','2023-12-24 10:00:00',0,'',''),('1a2f75bf-5fc8-47b0-98f0-5abb9482e29b','39ac0120-ddd4-46cd-aeda-cfa7699b7b73','2023-12-09 11:00:00',0,'',''),('1ad6733c-ee25-48fa-b3de-de450f6da712','fec7c26e-1815-497b-97fa-28768df06506','2023-12-05 16:00:00',0,'',''),('1bd0a7fc-0c8e-4577-b9b4-27ae98d21924','fec7c26e-1815-497b-97fa-28768df06506','2023-12-16 10:00:00',0,'',''),('1c701087-7e4e-47bb-9e5a-bb7018804f0d','fec7c26e-1815-497b-97fa-28768df06506','2023-11-30 14:00:00',0,'',''),('1c70eb4c-0c02-4552-9a0e-9a73ac257e57','39ac0120-ddd4-46cd-aeda-cfa7699b7b73','2023-12-16 18:00:00',0,'',''),('1c9097a3-e097-4c66-bc69-55f62764226b','539aa82a-07fa-42fe-a254-e2d68d33934d','2023-12-13 12:00:00',0,'',''),('1db12085-e11b-4c21-a0ff-0cff8d8e8a8a','539aa82a-07fa-42fe-a254-e2d68d33934d','2023-12-21 18:00:00',0,'',''),('1f71b8d8-b71c-46e5-8fa8-202d8d3691b2','39ac0120-ddd4-46cd-aeda-cfa7699b7b73','2023-12-03 18:00:00',0,'',''),('1f92d8b8-5b8b-4991-81da-6a00181bc6f5','fec7c26e-1815-497b-97fa-28768df06506','2023-12-03 18:00:00',0,'',''),('1fa2d1e6-6f63-47ca-94a7-45c603dd910a','fec7c26e-1815-497b-97fa-28768df06506','2023-12-07 12:00:00',0,'',''),('20267bcd-7e5a-4ba7-b362-fa6d070f89c6','539aa82a-07fa-42fe-a254-e2d68d33934d','2023-12-02 10:00:00',0,'',''),('20c5086b-0af1-4a43-b119-c0ecd118d9bb','539aa82a-07fa-42fe-a254-e2d68d33934d','2023-12-13 18:00:00',0,'',''),('20d007de-4914-48a4-b81f-04b6664a1bf8','fec7c26e-1815-497b-97fa-28768df06506','2023-12-08 16:00:00',0,'',''),('21076868-672f-4f57-826d-eef737edd00c','39ac0120-ddd4-46cd-aeda-cfa7699b7b73','2023-12-24 11:00:00',0,'',''),('210ba39d-23a0-4bfd-af7f-04b567bca65f','39ac0120-ddd4-46cd-aeda-cfa7699b7b73','2023-12-28 18:00:00',0,'',''),('2116aa5c-6f24-4bd9-8604-1672595015ae','39ac0120-ddd4-46cd-aeda-cfa7699b7b73','2023-12-06 18:00:00',0,'',''),('213c73d0-c791-45b1-9ea5-1ba8bcf3c0fb','39ac0120-ddd4-46cd-aeda-cfa7699b7b73','2023-12-05 10:00:00',0,'',''),('21d26bd8-57f7-4c18-a820-d9f61f548f73','39ac0120-ddd4-46cd-aeda-cfa7699b7b73','2023-12-03 12:00:00',0,'',''),('21f337a2-e787-434e-9e96-9ba2a6a489a4','39ac0120-ddd4-46cd-aeda-cfa7699b7b73','2023-12-22 16:00:00',0,'',''),('21f7d142-dd04-4b87-9cb6-7d4abfe027bb','39ac0120-ddd4-46cd-aeda-cfa7699b7b73','2023-12-25 11:00:00',0,'',''),('22871449-77e5-446d-934a-1b3286e0fd91','fec7c26e-1815-497b-97fa-28768df06506','2023-12-26 12:00:00',0,'',''),('231111ee-38d8-4a59-84df-8b4eb50a4b45','39ac0120-ddd4-46cd-aeda-cfa7699b7b73','2023-12-20 11:00:00',0,'',''),('23f057de-45c3-45b4-af5a-1e3ab0c2cb28','539aa82a-07fa-42fe-a254-e2d68d33934d','2023-12-24 14:00:00',0,'',''),('24e26ab5-5c24-4b31-86db-5a1605380e54','39ac0120-ddd4-46cd-aeda-cfa7699b7b73','2023-12-26 18:00:00',0,'',''),('25955222-bf3e-456c-a0ee-a96d1df89f47','539aa82a-07fa-42fe-a254-e2d68d33934d','2023-12-01 12:00:00',0,'',''),('25acda34-19fb-4aa6-9638-ec7c96f91665','539aa82a-07fa-42fe-a254-e2d68d33934d','2023-12-04 14:00:00',0,'',''),('25ad13ca-24b3-4177-b0f9-5c1506f5b5af','39ac0120-ddd4-46cd-aeda-cfa7699b7b73','2023-12-01 14:00:00',0,'',''),('25c40d56-6249-47fb-8caa-ecb6b43ef33f','539aa82a-07fa-42fe-a254-e2d68d33934d','2023-12-07 12:00:00',0,'',''),('25de4f64-5c90-45b7-85dd-7beaac2a44e4','fec7c26e-1815-497b-97fa-28768df06506','2023-12-19 10:00:00',0,'',''),('261acb88-8b5a-48df-a70c-2e8a32522ed8','539aa82a-07fa-42fe-a254-e2d68d33934d','2023-11-25 18:00:00',0,'',''),('26762fdb-33a3-46de-8052-0b32a028870a','39ac0120-ddd4-46cd-aeda-cfa7699b7b73','2023-12-12 10:00:00',0,'',''),('271d9b90-741d-4b7a-90be-8e6584fc4df6','fec7c26e-1815-497b-97fa-28768df06506','2023-11-30 16:00:00',0,'',''),('277f7e43-8468-49b0-8260-54534149da97','39ac0120-ddd4-46cd-aeda-cfa7699b7b73','2023-12-18 10:00:00',0,'',''),('27858ced-55d7-4862-bcda-b3d4ef743fa4','fec7c26e-1815-497b-97fa-28768df06506','2023-12-27 18:00:00',0,'',''),('28df85f6-2d06-4f81-bd04-f896b5611933','539aa82a-07fa-42fe-a254-e2d68d33934d','2023-12-21 14:00:00',0,'',''),('2a2c6150-71a6-47c3-9385-b6431431e8cd','fec7c26e-1815-497b-97fa-28768df06506','2023-12-17 18:00:00',0,'',''),('2a848815-46ef-4588-8650-c51b82da7f23','39ac0120-ddd4-46cd-aeda-cfa7699b7b73','2023-12-28 13:00:00',0,'',''),('2c0153ce-bf02-420a-96aa-68341ed22295','39ac0120-ddd4-46cd-aeda-cfa7699b7b73','2023-12-27 17:00:00',0,'',''),('2c2bf67f-3211-4b22-97e5-d59d8fa5afe1','539aa82a-07fa-42fe-a254-e2d68d33934d','2023-11-29 18:00:00',0,'',''),('2c35bca3-a0e1-4632-a1b4-9d2c4578ff71','39ac0120-ddd4-46cd-aeda-cfa7699b7b73','2023-12-09 17:00:00',0,'',''),('2c6ff488-c0e6-4a44-b476-dd7a21a27fd3','539aa82a-07fa-42fe-a254-e2d68d33934d','2023-12-23 12:00:00',0,'',''),('2c70456d-c7bd-4dc7-bd84-748f95f85e61','fec7c26e-1815-497b-97fa-28768df06506','2023-12-24 18:00:00',0,'',''),('2caca5c9-2646-466a-afa6-048ff95df725','539aa82a-07fa-42fe-a254-e2d68d33934d','2023-12-15 10:00:00',0,'',''),('2d0f410e-660a-453e-813e-bab9a261b35c','539aa82a-07fa-42fe-a254-e2d68d33934d','2023-11-27 10:00:00',0,'',''),('2da1006d-e2d3-4fc5-960a-2bdad305c400','539aa82a-07fa-42fe-a254-e2d68d33934d','2023-12-18 12:00:00',0,'',''),('2dd565e8-987c-44f3-a60c-531b538afba2','539aa82a-07fa-42fe-a254-e2d68d33934d','2023-12-22 10:00:00',0,'',''),('2e1833e3-9727-42ad-a6d2-5d7d27c4f052','39ac0120-ddd4-46cd-aeda-cfa7699b7b73','2023-12-02 13:00:00',0,'',''),('2e1ecaea-751b-4af3-810e-a7b4ec5d496d','39ac0120-ddd4-46cd-aeda-cfa7699b7b73','2023-12-19 11:00:00',0,'',''),('2eda4f25-08e6-43d4-abe9-787ec8679175','39ac0120-ddd4-46cd-aeda-cfa7699b7b73','2023-12-06 11:00:00',0,'',''),('2f4d3b5b-b4bc-4f57-910b-444c824b218e','39ac0120-ddd4-46cd-aeda-cfa7699b7b73','2023-12-13 14:00:00',0,'',''),('2ffeb10a-838c-4dc1-b057-823442e88500','39ac0120-ddd4-46cd-aeda-cfa7699b7b73','2023-12-13 17:00:00',0,'',''),('302e5426-73ca-4905-b7b6-25ffa5bcf684','fec7c26e-1815-497b-97fa-28768df06506','2023-12-04 12:00:00',0,'',''),('3107ee08-e756-42bd-ab3d-8326fbd6efc9','fec7c26e-1815-497b-97fa-28768df06506','2023-12-04 14:00:00',0,'',''),('3166bc20-ab39-4210-8827-03b424bf4bc5','539aa82a-07fa-42fe-a254-e2d68d33934d','2023-11-23 16:00:00',0,'',''),('3181bd55-e262-492b-b100-38cf48560b67','39ac0120-ddd4-46cd-aeda-cfa7699b7b73','2023-12-26 13:00:00',0,'',''),('32d29208-cf9e-4411-82dd-98880220e189','fec7c26e-1815-497b-97fa-28768df06506','2023-12-14 10:00:00',0,'',''),('32ebdb38-8330-4410-b229-6d0bc93b286f','39ac0120-ddd4-46cd-aeda-cfa7699b7b73','2023-12-28 12:00:00',0,'',''),('32f7b28e-0c71-48d9-8042-fecd9bf3070b','539aa82a-07fa-42fe-a254-e2d68d33934d','2023-12-14 12:00:00',0,'',''),('33312f2e-77d7-436b-9e49-258c8743dbf6','539aa82a-07fa-42fe-a254-e2d68d33934d','2023-12-19 14:00:00',0,'',''),('33d1c869-5d44-4f53-8383-9dc462b09ce1','fec7c26e-1815-497b-97fa-28768df06506','2023-12-13 12:00:00',0,'',''),('34183ca1-4e9e-4510-a1ba-808cdc48e757','539aa82a-07fa-42fe-a254-e2d68d33934d','2023-12-06 10:00:00',0,'',''),('346ccae0-6315-4029-ba3a-056ba3349a06','fec7c26e-1815-497b-97fa-28768df06506','2023-12-15 14:00:00',0,'',''),('34c09b72-3828-47da-9317-a9fa28b9cb32','539aa82a-07fa-42fe-a254-e2d68d33934d','2023-11-24 10:00:00',0,'',''),('34f37ab6-2c04-4163-8b20-92c10f763f45','39ac0120-ddd4-46cd-aeda-cfa7699b7b73','2023-12-12 11:00:00',0,'',''),('3507f51a-9216-4197-b422-3f63271a2a2d','fec7c26e-1815-497b-97fa-28768df06506','2023-12-01 18:00:00',0,'',''),('355a06ef-226b-49f2-9f5b-112c6a730429','539aa82a-07fa-42fe-a254-e2d68d33934d','2023-12-18 18:00:00',0,'',''),('3664943d-6034-48eb-a848-26537ee61864','fec7c26e-1815-497b-97fa-28768df06506','2023-12-02 14:00:00',0,'',''),('36d5fae6-c7a8-44d5-81c0-243014c11194','539aa82a-07fa-42fe-a254-e2d68d33934d','2023-12-20 10:00:00',0,'',''),('374b6e38-e17e-4db8-8ceb-1d211aa1d337','fec7c26e-1815-497b-97fa-28768df06506','2023-12-18 14:00:00',0,'',''),('37b184d2-35e5-4c59-b974-899485659488','539aa82a-07fa-42fe-a254-e2d68d33934d','2023-12-03 18:00:00',0,'',''),('37cec659-e819-460a-91d7-eb5489ab3c6a','fec7c26e-1815-497b-97fa-28768df06506','2023-12-05 18:00:00',0,'',''),('385b70db-f0d9-457a-9f82-d22f7316055f','539aa82a-07fa-42fe-a254-e2d68d33934d','2023-11-28 18:00:00',0,'',''),('387bc331-fd10-4a63-bb3b-d5c210c1edfb','fec7c26e-1815-497b-97fa-28768df06506','2023-12-09 18:00:00',0,'',''),('38c457b5-759c-4bca-991f-b37726f1d08d','539aa82a-07fa-42fe-a254-e2d68d33934d','2023-12-05 16:00:00',0,'',''),('38e9e6e6-b7ee-424d-9d1a-093bd5d74c44','fec7c26e-1815-497b-97fa-28768df06506','2023-12-12 10:00:00',0,'',''),('3909d19f-e6bb-4d80-8ed2-735db175f84a','fec7c26e-1815-497b-97fa-28768df06506','2023-11-30 10:00:00',0,'',''),('39e4df89-4d9f-4c0b-953a-a83d993322d1','39ac0120-ddd4-46cd-aeda-cfa7699b7b73','2023-12-01 15:00:00',0,'',''),('39f49c1e-80a8-4092-84f2-869e80321f57','39ac0120-ddd4-46cd-aeda-cfa7699b7b73','2023-12-24 10:00:00',0,'',''),('3a0334c0-8009-44d7-a514-f8f55c6ab1eb','39ac0120-ddd4-46cd-aeda-cfa7699b7b73','2023-12-25 13:00:00',0,'',''),('3b2f7500-7e5f-4360-80b5-58d3e7c53f77','fec7c26e-1815-497b-97fa-28768df06506','2023-12-19 16:00:00',0,'',''),('3b87f184-436f-42fc-9b32-c3379d448656','fec7c26e-1815-497b-97fa-28768df06506','2023-12-12 18:00:00',0,'',''),('3c754362-91ef-4c3a-a73d-e749be606ef7','539aa82a-07fa-42fe-a254-e2d68d33934d','2023-11-29 12:00:00',0,'',''),('3ca9bb29-e98f-4d12-905f-eb5b366abb89','39ac0120-ddd4-46cd-aeda-cfa7699b7b73','2023-12-04 13:00:00',0,'',''),('3d0159ba-7dc6-4b00-89af-71b2d56a68ae','39ac0120-ddd4-46cd-aeda-cfa7699b7b73','2023-12-29 17:00:00',0,'',''),('3d52869b-b786-4cf5-9a2e-7a581ca2b679','39ac0120-ddd4-46cd-aeda-cfa7699b7b73','2023-12-16 16:00:00',0,'',''),('3d9fb0c1-7e19-4631-8cdc-d75b3e2e68ad','39ac0120-ddd4-46cd-aeda-cfa7699b7b73','2023-12-06 16:00:00',0,'',''),('3db7b855-f839-49a7-8d19-4d5039c92cad','39ac0120-ddd4-46cd-aeda-cfa7699b7b73','2023-12-14 12:00:00',0,'',''),('3e4ec7f7-7269-4dc0-98dd-fe8edafabda0','39ac0120-ddd4-46cd-aeda-cfa7699b7b73','2023-12-20 14:00:00',0,'',''),('3e639ace-2322-4b39-8ba3-9e654998b1c8','39ac0120-ddd4-46cd-aeda-cfa7699b7b73','2023-12-23 18:00:00',0,'',''),('3e92a8de-3aaa-44aa-8dfb-b8a38fe32fc4','39ac0120-ddd4-46cd-aeda-cfa7699b7b73','2023-12-08 15:00:00',0,'',''),('3ea1b1e4-23d6-4949-954d-76fc6d710376','39ac0120-ddd4-46cd-aeda-cfa7699b7b73','2023-12-11 16:00:00',0,'',''),('3efbe0bd-d88f-4c9d-bf80-d3538bcdbf40','fec7c26e-1815-497b-97fa-28768df06506','2023-12-02 18:00:00',0,'',''),('3efcde17-b7a4-465d-b982-f6a5b69f1259','539aa82a-07fa-42fe-a254-e2d68d33934d','2023-12-26 10:00:00',0,'',''),('3f21db38-5aaa-4de4-8e3c-04b7e8a7e180','fec7c26e-1815-497b-97fa-28768df06506','2023-12-10 16:00:00',0,'',''),('3f2a5fe9-e349-442c-bb05-07724496cd1f','fec7c26e-1815-497b-97fa-28768df06506','2023-12-17 12:00:00',0,'',''),('3fb09a56-1080-4c4b-8192-ba4cfaf38789','539aa82a-07fa-42fe-a254-e2d68d33934d','2023-12-25 18:00:00',0,'',''),('40115d78-861e-4e74-b650-c8c941c0d2ce','539aa82a-07fa-42fe-a254-e2d68d33934d','2023-12-20 12:00:00',0,'',''),('409bf1a9-0ce5-4c37-86e9-7fdc680bfeb1','39ac0120-ddd4-46cd-aeda-cfa7699b7b73','2023-12-15 12:00:00',0,'',''),('40bd2072-b840-4f64-9242-6e7e448609ad','39ac0120-ddd4-46cd-aeda-cfa7699b7b73','2023-12-04 10:00:00',0,'',''),('426bc66e-fea1-4d15-bd83-a8deb64aa233','39ac0120-ddd4-46cd-aeda-cfa7699b7b73','2023-12-09 18:00:00',0,'',''),('426de76d-f96d-4ea4-bec2-e0400d3e3174','539aa82a-07fa-42fe-a254-e2d68d33934d','2023-12-16 12:00:00',0,'',''),('43a49b91-908b-4c0f-a026-015b6d8e3dd9','539aa82a-07fa-42fe-a254-e2d68d33934d','2023-12-12 12:00:00',0,'',''),('447d9994-8e7e-4beb-89e9-79295188e519','39ac0120-ddd4-46cd-aeda-cfa7699b7b73','2023-12-01 17:00:00',0,'',''),('44c100b9-27e3-4ef6-98a6-8d652dd906e1','39ac0120-ddd4-46cd-aeda-cfa7699b7b73','2023-12-23 17:00:00',0,'',''),('44d280d7-29e6-4a71-90ef-bee74391bd10','39ac0120-ddd4-46cd-aeda-cfa7699b7b73','2023-12-15 16:00:00',0,'',''),('44ec78c2-06a5-41ed-9f77-d5716e9200ed','39ac0120-ddd4-46cd-aeda-cfa7699b7b73','2023-11-30 10:00:00',0,'',''),('4510ae1b-0e3e-491b-9a8b-e02cecc7298c','39ac0120-ddd4-46cd-aeda-cfa7699b7b73','2023-12-13 16:00:00',0,'',''),('45156ae6-7b73-4914-a6ea-a25d3a468ead','539aa82a-07fa-42fe-a254-e2d68d33934d','2023-11-30 16:00:00',0,'',''),('45b182b3-0830-47a7-8212-e0de32c06f73','fec7c26e-1815-497b-97fa-28768df06506','2023-12-21 16:00:00',0,'',''),('45bbdf81-e6da-45a0-9f5f-ccabd9f17f29','39ac0120-ddd4-46cd-aeda-cfa7699b7b73','2023-12-22 12:00:00',0,'',''),('4674ce70-decb-4157-bffa-0a917f95bb72','39ac0120-ddd4-46cd-aeda-cfa7699b7b73','2023-12-19 14:00:00',0,'',''),('47a63252-2366-4058-92bd-fc5899605999','39ac0120-ddd4-46cd-aeda-cfa7699b7b73','2023-12-24 18:00:00',0,'',''),('47b7890e-d782-4fa0-891d-1351bd6aca04','539aa82a-07fa-42fe-a254-e2d68d33934d','2023-12-26 12:00:00',0,'',''),('47cf739c-719d-4308-94cc-978eb47ec4fa','539aa82a-07fa-42fe-a254-e2d68d33934d','2023-12-04 12:00:00',0,'',''),('487c5cb7-3d6f-42ea-ad19-e3bdb60acc7b','fec7c26e-1815-497b-97fa-28768df06506','2023-11-29 10:00:00',0,'',''),('49280eee-9cc4-4cdb-92ad-e3244e10277f','39ac0120-ddd4-46cd-aeda-cfa7699b7b73','2023-12-04 16:00:00',0,'',''),('4a0c9189-7b3b-4b34-8443-6d7dce0a7dd7','fec7c26e-1815-497b-97fa-28768df06506','2023-12-22 12:00:00',0,'',''),('4a7bc53e-c74f-4d3a-9482-bd812c940424','39ac0120-ddd4-46cd-aeda-cfa7699b7b73','2023-12-10 13:00:00',0,'',''),('4b09b935-cabd-43fb-8c2f-c92741b64405','fec7c26e-1815-497b-97fa-28768df06506','2023-12-27 14:00:00',0,'',''),('4b5903b3-6a72-4407-b448-a95f783a1c21','39ac0120-ddd4-46cd-aeda-cfa7699b7b73','2023-12-29 18:00:00',0,'',''),('4c594fa4-dac5-4ac5-8765-236d1b56aec6','39ac0120-ddd4-46cd-aeda-cfa7699b7b73','2023-12-05 14:00:00',0,'',''),('4cebfca0-05ce-4238-8e50-bd16c992ed53','539aa82a-07fa-42fe-a254-e2d68d33934d','2023-12-25 10:00:00',0,'',''),('4d3c34dc-5160-4609-ab40-0d69275828a4','fec7c26e-1815-497b-97fa-28768df06506','2023-12-04 16:00:00',0,'',''),('4d751a79-372c-4ccc-910d-eee38a923df7','539aa82a-07fa-42fe-a254-e2d68d33934d','2023-12-01 10:00:00',0,'',''),('4dafde60-a0d5-4dca-b584-62d9a00c5678','fec7c26e-1815-497b-97fa-28768df06506','2023-12-17 14:00:00',0,'',''),('4ef30e9e-e4c4-4d12-a35c-81c68d515c18','39ac0120-ddd4-46cd-aeda-cfa7699b7b73','2023-12-10 17:00:00',0,'',''),('4f1a7254-5c6a-4697-9739-d035f3581621','fec7c26e-1815-497b-97fa-28768df06506','2023-12-18 18:00:00',0,'',''),('4fadb98f-43cf-4d3f-8caa-fd7a858eaf04','fec7c26e-1815-497b-97fa-28768df06506','2023-12-11 10:00:00',0,'',''),('5007fa94-3d0b-4a98-be9f-7628a9f8da8c','fec7c26e-1815-497b-97fa-28768df06506','2023-12-06 12:00:00',0,'',''),('50779763-f61f-46ac-bd73-74606b34aab6','fec7c26e-1815-497b-97fa-28768df06506','2023-12-09 16:00:00',0,'',''),('52633ec9-ad15-459e-a21e-54280e95958f','39ac0120-ddd4-46cd-aeda-cfa7699b7b73','2023-12-17 11:00:00',0,'',''),('528cd16f-6673-42a8-9518-3ec18b8b44e1','39ac0120-ddd4-46cd-aeda-cfa7699b7b73','2023-12-22 18:00:00',0,'',''),('53128731-48da-4ff9-8747-cc531aa2b63f','39ac0120-ddd4-46cd-aeda-cfa7699b7b73','2023-11-30 14:00:00',0,'',''),('531b8810-e4ed-4361-bcb9-407364f1c2a6','fec7c26e-1815-497b-97fa-28768df06506','2023-12-06 18:00:00',0,'',''),('531ff4a3-19a1-443c-ba87-77f73373e2be','39ac0120-ddd4-46cd-aeda-cfa7699b7b73','2023-12-14 15:00:00',0,'',''),('5332a1e1-805e-4ea7-9eb9-dd3f286838df','fec7c26e-1815-497b-97fa-28768df06506','2023-12-10 14:00:00',0,'',''),('5444324d-0039-48e1-a37a-3a80f4903bd1','fec7c26e-1815-497b-97fa-28768df06506','2023-12-27 12:00:00',0,'',''),('544d9147-857b-4d9c-8a9f-1d08a79ea966','fec7c26e-1815-497b-97fa-28768df06506','2023-12-12 12:00:00',0,'',''),('550108d1-b9d1-4410-a006-550ec9abe999','39ac0120-ddd4-46cd-aeda-cfa7699b7b73','2023-12-21 11:00:00',0,'',''),('553f67f9-b426-47ad-8e3e-1816aeb61349','39ac0120-ddd4-46cd-aeda-cfa7699b7b73','2023-12-26 14:00:00',0,'',''),('55436687-0d50-4569-ab61-1c9b7b11d16a','539aa82a-07fa-42fe-a254-e2d68d33934d','2023-12-12 18:00:00',0,'',''),('554da675-e8b8-47a3-ad63-7bd91b0fef78','539aa82a-07fa-42fe-a254-e2d68d33934d','2023-12-07 10:00:00',0,'',''),('555ecf5a-ce53-4590-aa9f-3bff05d8eda1','39ac0120-ddd4-46cd-aeda-cfa7699b7b73','2023-12-04 15:00:00',0,'',''),('5584ba74-2faf-42b0-a3c8-5a550b59cc39','39ac0120-ddd4-46cd-aeda-cfa7699b7b73','2023-12-20 15:00:00',0,'',''),('55997c20-59fc-49c6-80ab-b786e3043b3c','fec7c26e-1815-497b-97fa-28768df06506','2023-12-07 16:00:00',0,'',''),('56575ec4-312a-4f7a-ac01-dac4a4fb5ecf','39ac0120-ddd4-46cd-aeda-cfa7699b7b73','2023-12-11 14:00:00',0,'',''),('5796f136-e6ae-4e23-a7e9-21999d08b26e','39ac0120-ddd4-46cd-aeda-cfa7699b7b73','2023-12-21 14:00:00',0,'',''),('57fd06d2-c758-468a-9cdf-23d8cd06b1d6','39ac0120-ddd4-46cd-aeda-cfa7699b7b73','2023-12-09 16:00:00',0,'',''),('58007c78-e21e-4aa4-ac3e-7303e34f53f2','39ac0120-ddd4-46cd-aeda-cfa7699b7b73','2023-12-13 18:00:00',0,'',''),('581fee85-8406-402f-a424-8181ce57eb1b','39ac0120-ddd4-46cd-aeda-cfa7699b7b73','2023-12-15 10:00:00',0,'',''),('58688d18-946b-4e63-ab6c-f624a697a794','fec7c26e-1815-497b-97fa-28768df06506','2023-12-14 16:00:00',0,'',''),('586c0dcf-73fd-470f-b6bc-bdc0644fc3a7','fec7c26e-1815-497b-97fa-28768df06506','2023-12-14 14:00:00',0,'',''),('5935bdfb-4363-47bd-b756-d5e71d8faf69','539aa82a-07fa-42fe-a254-e2d68d33934d','2023-11-30 10:00:00',0,'',''),('598f8466-e7a3-47dd-8d1c-62f4758c08af','fec7c26e-1815-497b-97fa-28768df06506','2023-12-26 16:00:00',0,'',''),('59f0d2a3-9402-4759-818b-acb811fbb42c','fec7c26e-1815-497b-97fa-28768df06506','2023-12-05 12:00:00',0,'',''),('5a6fd789-7301-4837-9b16-5dacd07eacee','fec7c26e-1815-497b-97fa-28768df06506','2023-12-16 18:00:00',0,'',''),('5b009095-b254-44f6-93c3-4f4bee6897bf','39ac0120-ddd4-46cd-aeda-cfa7699b7b73','2023-12-28 16:00:00',0,'',''),('5c231520-b4e0-4119-9f13-e2fc7a862e5e','39ac0120-ddd4-46cd-aeda-cfa7699b7b73','2023-12-05 18:00:00',0,'',''),('5c69c665-6dac-44b6-9b73-8c1a68f3a351','39ac0120-ddd4-46cd-aeda-cfa7699b7b73','2023-12-04 18:00:00',0,'',''),('5c7de17d-01aa-4c5a-9771-c550b80fbc4e','39ac0120-ddd4-46cd-aeda-cfa7699b7b73','2023-12-08 17:00:00',0,'',''),('5d807b8b-3a3c-4290-a452-a1281b8780f9','fec7c26e-1815-497b-97fa-28768df06506','2023-12-06 10:00:00',0,'',''),('5e0a56db-bfea-461c-bae2-ed8c862f0fb6','39ac0120-ddd4-46cd-aeda-cfa7699b7b73','2023-12-12 14:00:00',0,'',''),('5e5e2f7c-5bb2-40d8-b0a6-aa45de229332','39ac0120-ddd4-46cd-aeda-cfa7699b7b73','2023-12-25 10:00:00',0,'',''),('5e779e38-28de-40c9-9b47-7d9c1636dd85','539aa82a-07fa-42fe-a254-e2d68d33934d','2023-12-08 18:00:00',0,'',''),('5edd80ad-f390-4746-9134-2a4f821c84fc','fec7c26e-1815-497b-97fa-28768df06506','2023-12-17 10:00:00',0,'',''),('5f9628b7-48bd-4238-9b3e-c3a95af339e3','539aa82a-07fa-42fe-a254-e2d68d33934d','2023-11-25 12:00:00',0,'',''),('6086f2b4-6432-4d6f-bce3-d5e01bdb3355','fec7c26e-1815-497b-97fa-28768df06506','2023-12-01 14:00:00',0,'',''),('60be70e0-8d9e-4393-b54c-ac408fe491ad','fec7c26e-1815-497b-97fa-28768df06506','2023-12-23 18:00:00',0,'',''),('60efb52f-99a4-450f-be5f-374ba0721823','39ac0120-ddd4-46cd-aeda-cfa7699b7b73','2023-12-20 13:00:00',0,'',''),('61311285-9b30-4e9e-93c3-025cc4a33732','fec7c26e-1815-497b-97fa-28768df06506','2023-11-29 16:00:00',0,'',''),('61d36396-a3ae-4e6c-877e-2802577ec9bf','539aa82a-07fa-42fe-a254-e2d68d33934d','2023-12-18 16:00:00',0,'',''),('62c06ed4-458f-43b8-b36d-2d7a8ed774c0','39ac0120-ddd4-46cd-aeda-cfa7699b7b73','2023-12-23 16:00:00',0,'',''),('635414d1-568f-48a3-b6ab-68d07f9b9df3','539aa82a-07fa-42fe-a254-e2d68d33934d','2023-12-26 14:00:00',0,'',''),('646fe0de-ccda-41fc-a6b2-6f4bc3f86fb5','39ac0120-ddd4-46cd-aeda-cfa7699b7b73','2023-12-12 18:00:00',0,'',''),('6587083a-02ff-470f-b93c-9723c5895eff','539aa82a-07fa-42fe-a254-e2d68d33934d','2023-12-09 14:00:00',0,'',''),('662e3cb8-83b2-4e08-a48c-531bd0a28ba4','39ac0120-ddd4-46cd-aeda-cfa7699b7b73','2023-12-17 14:00:00',0,'',''),('669ae031-aefa-4100-ae00-04134be6c5d8','539aa82a-07fa-42fe-a254-e2d68d33934d','2023-12-21 12:00:00',0,'',''),('66ab830e-f143-4ff1-b406-fb202885765d','39ac0120-ddd4-46cd-aeda-cfa7699b7b73','2023-12-21 16:00:00',0,'',''),('672350ee-50cc-4995-bfe1-c8d79b0c293c','539aa82a-07fa-42fe-a254-e2d68d33934d','2023-12-14 14:00:00',0,'',''),('672824c2-5145-4c0e-94e3-1ac24375cf7c','39ac0120-ddd4-46cd-aeda-cfa7699b7b73','2023-12-16 13:00:00',0,'',''),('67e30d7c-f8b3-4582-8a97-d0dce58fcc0d','fec7c26e-1815-497b-97fa-28768df06506','2023-12-13 14:00:00',0,'',''),('68119493-7b4a-409a-8f53-865c7a44a3f2','fec7c26e-1815-497b-97fa-28768df06506','2023-11-30 12:00:00',0,'',''),('6827d1e1-fe51-4869-9eb5-db1b8b67d4b2','fec7c26e-1815-497b-97fa-28768df06506','2023-12-06 16:00:00',0,'',''),('69588404-ad42-42f9-9a7a-62b1e006e98c','539aa82a-07fa-42fe-a254-e2d68d33934d','2023-12-26 18:00:00',0,'',''),('69639601-c632-4eb5-a8bf-681df7f9e8ee','39ac0120-ddd4-46cd-aeda-cfa7699b7b73','2023-12-17 16:00:00',0,'',''),('6982bebf-729f-4082-8aaf-d9645b8f25cd','39ac0120-ddd4-46cd-aeda-cfa7699b7b73','2023-12-26 11:00:00',0,'',''),('69a8c4d6-ba99-48bd-9958-5fc9090688e6','39ac0120-ddd4-46cd-aeda-cfa7699b7b73','2023-12-19 18:00:00',0,'',''),('69b8c645-8fcc-446f-b22e-0276d3fe94a3','539aa82a-07fa-42fe-a254-e2d68d33934d','2023-11-29 16:00:00',0,'',''),('6bf63bfe-44a8-4f5b-8cfb-eb2775aa1d94','39ac0120-ddd4-46cd-aeda-cfa7699b7b73','2023-12-10 15:00:00',0,'',''),('6c8c19bc-095e-4eb4-836a-8b51058b8116','39ac0120-ddd4-46cd-aeda-cfa7699b7b73','2023-12-07 17:00:00',0,'',''),('6d1e4ef5-ea5f-4ac7-9e0d-604c448237b3','539aa82a-07fa-42fe-a254-e2d68d33934d','2023-12-01 16:00:00',0,'',''),('6d6bb39a-8e43-4913-99eb-91d4718ab4ae','fec7c26e-1815-497b-97fa-28768df06506','2023-12-15 10:00:00',0,'',''),('6ef210f9-6c71-4b52-9b2b-178a62ddb7f0','539aa82a-07fa-42fe-a254-e2d68d33934d','2023-12-02 16:00:00',0,'',''),('6efc98f0-7ff7-4748-a374-9983eefdf617','539aa82a-07fa-42fe-a254-e2d68d33934d','2023-11-24 18:00:00',0,'',''),('6f69a75e-595c-4f09-8783-098aa19c84f3','39ac0120-ddd4-46cd-aeda-cfa7699b7b73','2023-12-12 15:00:00',0,'',''),('6f888fb5-dd7a-40d8-8941-03a44bf941e5','39ac0120-ddd4-46cd-aeda-cfa7699b7b73','2023-12-11 13:00:00',0,'',''),('6fa64144-a4d7-4d96-9e7e-027c517d9417','39ac0120-ddd4-46cd-aeda-cfa7699b7b73','2023-12-04 17:00:00',0,'',''),('6ff0b7a7-156f-4d21-ba54-743915624d0c','fec7c26e-1815-497b-97fa-28768df06506','2023-12-05 10:00:00',0,'',''),('70148045-f514-4870-95fd-21f9227d4186','39ac0120-ddd4-46cd-aeda-cfa7699b7b73','2023-12-29 11:00:00',0,'',''),('713ba1af-4221-4826-b4b4-b83bcaa15769','39ac0120-ddd4-46cd-aeda-cfa7699b7b73','2023-11-30 17:00:00',0,'',''),('7192a2a8-b950-44f7-ac26-16e688883574','539aa82a-07fa-42fe-a254-e2d68d33934d','2023-12-03 14:00:00',0,'',''),('72d603ef-24f8-4eae-ac5e-736f3ca7520e','39ac0120-ddd4-46cd-aeda-cfa7699b7b73','2023-12-25 12:00:00',0,'',''),('7308566d-707d-4084-9631-1c3bf777031b','39ac0120-ddd4-46cd-aeda-cfa7699b7b73','2023-12-09 13:00:00',0,'',''),('731cf4bf-836c-4f75-bfc8-5d9092d26326','39ac0120-ddd4-46cd-aeda-cfa7699b7b73','2023-12-21 18:00:00',0,'',''),('7328dbfa-8011-4b27-873b-1c8c18c4acb0','39ac0120-ddd4-46cd-aeda-cfa7699b7b73','2023-12-28 15:00:00',0,'',''),('73317531-0a8a-42ea-90d5-92b8e4d2934b','39ac0120-ddd4-46cd-aeda-cfa7699b7b73','2023-12-02 10:00:00',0,'',''),('7346e112-015a-422e-a6f2-7ea6b5898ba0','39ac0120-ddd4-46cd-aeda-cfa7699b7b73','2023-12-27 16:00:00',0,'',''),('737cc1b0-ca19-41e9-a899-6eb45ef174c9','39ac0120-ddd4-46cd-aeda-cfa7699b7b73','2023-12-16 10:00:00',0,'',''),('73b25f28-477f-46f8-9814-899237eed26c','539aa82a-07fa-42fe-a254-e2d68d33934d','2023-12-10 16:00:00',0,'',''),('73f81e99-8a28-4b77-99af-e59f903fe8ab','fec7c26e-1815-497b-97fa-28768df06506','2023-12-28 16:00:00',0,'',''),('741599ba-e9fd-427c-8f26-0a21ad11dde9','39ac0120-ddd4-46cd-aeda-cfa7699b7b73','2023-12-14 10:00:00',0,'',''),('74e7f7a2-ce63-4ea3-915f-9835c7e369d3','39ac0120-ddd4-46cd-aeda-cfa7699b7b73','2023-12-15 17:00:00',0,'',''),('751cf2fe-4d5b-4038-97cc-38f12f648656','39ac0120-ddd4-46cd-aeda-cfa7699b7b73','2023-12-11 17:00:00',0,'',''),('759747fc-8e38-4dfc-9a54-ffce843c1a50','39ac0120-ddd4-46cd-aeda-cfa7699b7b73','2023-12-01 13:00:00',0,'',''),('75f66fca-726d-40cb-8168-f3a451fe59fa','39ac0120-ddd4-46cd-aeda-cfa7699b7b73','2023-12-02 14:00:00',0,'',''),('7628dcdf-237a-4c9d-b3e2-af860fdd1e4a','39ac0120-ddd4-46cd-aeda-cfa7699b7b73','2023-12-21 10:00:00',0,'',''),('76e7406b-b2d2-458c-9a6a-4489ee7b2ad6','539aa82a-07fa-42fe-a254-e2d68d33934d','2023-12-16 14:00:00',0,'',''),('77d041e8-6b84-4641-b44a-81e3d712652b','fec7c26e-1815-497b-97fa-28768df06506','2023-11-29 14:00:00',0,'',''),('7811ad7a-e97a-4278-8940-b47c986b0e9b','39ac0120-ddd4-46cd-aeda-cfa7699b7b73','2023-12-18 17:00:00',0,'',''),('7842c227-ebb2-4fe1-be1f-e6125b82d50c','39ac0120-ddd4-46cd-aeda-cfa7699b7b73','2023-12-24 17:00:00',0,'',''),('790660b5-9bc4-4324-bab2-1c45f8808e3e','39ac0120-ddd4-46cd-aeda-cfa7699b7b73','2023-12-24 15:00:00',0,'',''),('79230f65-750a-46ba-99c2-a220747fcacf','39ac0120-ddd4-46cd-aeda-cfa7699b7b73','2023-12-29 13:00:00',0,'',''),('792b45ec-b941-4cd8-9014-62ebd7ef6862','539aa82a-07fa-42fe-a254-e2d68d33934d','2023-12-17 18:00:00',0,'',''),('792f01ef-a21b-4ca8-95a0-ba84d20a572e','39ac0120-ddd4-46cd-aeda-cfa7699b7b73','2023-12-01 10:00:00',0,'',''),('799e6899-fda7-4fe9-86ad-00845471064c','fec7c26e-1815-497b-97fa-28768df06506','2023-12-03 10:00:00',0,'',''),('79bd0233-054e-4703-9d8a-38113b76a257','539aa82a-07fa-42fe-a254-e2d68d33934d','2023-12-06 12:00:00',0,'',''),('79eef55a-4471-4ca2-9ed2-1ff2bf100cfe','539aa82a-07fa-42fe-a254-e2d68d33934d','2023-12-05 18:00:00',0,'',''),('7a415ecd-ab1e-4316-b2fa-d603c2cfe8d0','39ac0120-ddd4-46cd-aeda-cfa7699b7b73','2023-12-28 14:00:00',0,'',''),('7a503b0a-a2ea-4fb7-af27-19e04d379dac','fec7c26e-1815-497b-97fa-28768df06506','2023-12-16 12:00:00',0,'',''),('7aa79173-f0cf-48f0-9df0-760cd5e8636a','39ac0120-ddd4-46cd-aeda-cfa7699b7b73','2023-12-17 18:00:00',0,'',''),('7ab348e8-0c8f-4e0c-8c26-4ac48a8631f9','fec7c26e-1815-497b-97fa-28768df06506','2023-12-07 14:00:00',0,'',''),('7b67f633-7b44-4b30-afb7-183262c3b6c7','539aa82a-07fa-42fe-a254-e2d68d33934d','2023-12-14 10:00:00',0,'',''),('7b94f6c4-49be-42c7-8dca-b0a6c893c4a4','fec7c26e-1815-497b-97fa-28768df06506','2023-12-26 14:00:00',0,'',''),('7ba0ad01-c262-45ea-a122-0a621ccc6c2f','39ac0120-ddd4-46cd-aeda-cfa7699b7b73','2023-12-07 16:00:00',0,'',''),('7c257fc8-2c4d-46e7-aadc-85fb6808071d','539aa82a-07fa-42fe-a254-e2d68d33934d','2023-12-25 16:00:00',0,'',''),('7c3e7515-d280-4b2d-b6b8-4aa227043890','39ac0120-ddd4-46cd-aeda-cfa7699b7b73','2023-12-01 18:00:00',0,'',''),('7d6def85-85a6-4e93-b6b0-a05d51395858','39ac0120-ddd4-46cd-aeda-cfa7699b7b73','2023-12-13 12:00:00',0,'',''),('7e445d80-f4c8-46a4-8a7b-0413f214ccd8','539aa82a-07fa-42fe-a254-e2d68d33934d','2023-12-07 18:00:00',0,'',''),('805ebba0-19bf-40c1-a26c-94290491f29e','539aa82a-07fa-42fe-a254-e2d68d33934d','2023-12-06 18:00:00',0,'',''),('80760047-5f37-4e23-97cb-e781ddaf8d8d','39ac0120-ddd4-46cd-aeda-cfa7699b7b73','2023-12-22 17:00:00',0,'',''),('80b765c0-8d24-496b-a1ba-bc5fb14d674d','39ac0120-ddd4-46cd-aeda-cfa7699b7b73','2023-12-10 18:00:00',0,'',''),('8104479b-e893-4e41-886b-24d082c156d9','fec7c26e-1815-497b-97fa-28768df06506','2023-12-26 10:00:00',0,'',''),('810c6780-4c62-4e49-b176-affb83c86d9f','539aa82a-07fa-42fe-a254-e2d68d33934d','2023-12-05 14:00:00',0,'',''),('818fb9d4-c96c-4fc8-ba27-74c0514616f5','39ac0120-ddd4-46cd-aeda-cfa7699b7b73','2023-12-09 14:00:00',0,'',''),('81bb6da3-9f03-435a-b5c9-50dc94650b91','39ac0120-ddd4-46cd-aeda-cfa7699b7b73','2023-12-08 13:00:00',0,'',''),('8266c7e0-48ff-465d-be65-7cf840c744e1','39ac0120-ddd4-46cd-aeda-cfa7699b7b73','2023-12-27 12:00:00',0,'',''),('828b6d60-f337-4e2c-8e4c-52688f48717b','39ac0120-ddd4-46cd-aeda-cfa7699b7b73','2023-12-03 14:00:00',0,'',''),('82d4d2fc-0ca9-4a01-a7a3-b0a78ffca794','fec7c26e-1815-497b-97fa-28768df06506','2023-12-08 10:00:00',0,'',''),('82ff28c0-cfb9-4de7-bee7-8aee1d1a8338','39ac0120-ddd4-46cd-aeda-cfa7699b7b73','2023-12-02 16:00:00',0,'',''),('83adb0df-0604-4719-b04b-88fc215c2f4a','39ac0120-ddd4-46cd-aeda-cfa7699b7b73','2023-12-27 14:00:00',0,'',''),('843ee429-c7a1-4848-b3c8-d524bfbdea4b','fec7c26e-1815-497b-97fa-28768df06506','2023-12-20 18:00:00',0,'',''),('844ff992-02a6-46ad-846a-0677a1054b5c','39ac0120-ddd4-46cd-aeda-cfa7699b7b73','2023-12-20 18:00:00',0,'',''),('84c94847-ec4c-4c5b-a734-f7c6fa88279a','539aa82a-07fa-42fe-a254-e2d68d33934d','2023-11-29 14:00:00',0,'',''),('8536591a-a23d-455f-ba54-30b07c7e833a','39ac0120-ddd4-46cd-aeda-cfa7699b7b73','2023-12-07 10:00:00',0,'',''),('8539d6f6-0996-412d-8f74-7d9bdab18429','fec7c26e-1815-497b-97fa-28768df06506','2023-12-02 10:00:00',0,'',''),('8578845e-6424-4c4f-88b9-7076dbb87b5a','539aa82a-07fa-42fe-a254-e2d68d33934d','2023-11-30 14:00:00',0,'',''),('85a5a078-1625-47d5-84f1-635eaca7d2bf','39ac0120-ddd4-46cd-aeda-cfa7699b7b73','2023-12-13 11:00:00',0,'',''),('869893c5-52bf-483d-9519-f320fc470890','39ac0120-ddd4-46cd-aeda-cfa7699b7b73','2023-12-03 11:00:00',0,'',''),('873398e7-a152-4e79-a3df-89b83231701a','fec7c26e-1815-497b-97fa-28768df06506','2023-12-19 14:00:00',0,'',''),('87e5ddcc-e85c-4915-8f8f-08c1d181d8d2','fec7c26e-1815-497b-97fa-28768df06506','2023-12-27 10:00:00',0,'',''),('88550cfb-49cd-4cfb-a51a-44e1b8ea1ae9','539aa82a-07fa-42fe-a254-e2d68d33934d','2023-12-04 18:00:00',0,'',''),('8879f0af-6cab-4f46-9994-74097924d707','39ac0120-ddd4-46cd-aeda-cfa7699b7b73','2023-12-16 12:00:00',0,'',''),('88dadfeb-a4f0-4a66-9e2d-bbf622d187dd','39ac0120-ddd4-46cd-aeda-cfa7699b7b73','2023-12-12 17:00:00',0,'',''),('8927ead6-3dd8-4b7d-9438-28d70a56c98b','fec7c26e-1815-497b-97fa-28768df06506','2023-12-11 14:00:00',0,'',''),('8935761a-8d47-49ed-a37a-36765b235f92','fec7c26e-1815-497b-97fa-28768df06506','2023-12-28 10:00:00',0,'',''),('8a27a2dd-004a-4576-8a02-f8f72026035c','39ac0120-ddd4-46cd-aeda-cfa7699b7b73','2023-12-21 15:00:00',0,'',''),('8acce86e-5764-4a4f-8213-5b33b5fe45d9','39ac0120-ddd4-46cd-aeda-cfa7699b7b73','2023-12-18 16:00:00',0,'',''),('8adbeefc-75a4-4f63-9b07-e530308f566e','539aa82a-07fa-42fe-a254-e2d68d33934d','2023-12-19 12:00:00',0,'',''),('8b048890-3b8f-46f5-bf15-08fbf323e519','539aa82a-07fa-42fe-a254-e2d68d33934d','2023-12-22 12:00:00',0,'',''),('8b5d8ddb-042a-4759-964b-247fb0bf2dd1','539aa82a-07fa-42fe-a254-e2d68d33934d','2023-12-06 14:00:00',0,'',''),('8b6a932b-1677-46ce-957e-8a12437a81d0','539aa82a-07fa-42fe-a254-e2d68d33934d','2023-12-16 18:00:00',0,'',''),('8bb491ff-e765-440c-9892-e161f107078d','39ac0120-ddd4-46cd-aeda-cfa7699b7b73','2023-12-02 15:00:00',0,'',''),('8bde09c6-6111-40ef-bc9e-b359795b7fc0','fec7c26e-1815-497b-97fa-28768df06506','2023-12-21 10:00:00',0,'',''),('8c088152-4b05-4671-9e1c-29607d8bb790','fec7c26e-1815-497b-97fa-28768df06506','2023-12-19 18:00:00',0,'',''),('8c69b132-40a9-4ac8-8763-b715a3d1fbb1','fec7c26e-1815-497b-97fa-28768df06506','2023-12-10 12:00:00',0,'',''),('8c9a9e39-0feb-4594-91d0-16b4470857c7','539aa82a-07fa-42fe-a254-e2d68d33934d','2023-12-15 14:00:00',0,'',''),('8d022803-d27d-4133-b56e-baebee794142','39ac0120-ddd4-46cd-aeda-cfa7699b7b73','2023-12-15 18:00:00',0,'',''),('8d5ef9a6-090d-48fa-bb53-6d027e9d9e15','39ac0120-ddd4-46cd-aeda-cfa7699b7b73','2023-12-22 11:00:00',0,'',''),('8db4c950-7bfd-4541-8ec8-68296a4f5b5e','39ac0120-ddd4-46cd-aeda-cfa7699b7b73','2023-12-28 11:00:00',0,'',''),('8de21e8e-d83f-44d8-a7f5-89ee3653035d','539aa82a-07fa-42fe-a254-e2d68d33934d','2023-12-25 12:00:00',0,'',''),('8def604c-183e-46f9-a60f-bc67479e6030','fec7c26e-1815-497b-97fa-28768df06506','2023-12-22 10:00:00',0,'',''),('8e3fa032-7a93-48c9-aeed-b3e69586436f','39ac0120-ddd4-46cd-aeda-cfa7699b7b73','2023-12-26 16:00:00',0,'',''),('8e9d7e5f-0d5a-4ea4-bf48-2809451e8991','39ac0120-ddd4-46cd-aeda-cfa7699b7b73','2023-12-18 18:00:00',0,'',''),('8f3d9b5e-c767-4044-b4d1-16bfa22cab13','39ac0120-ddd4-46cd-aeda-cfa7699b7b73','2023-12-29 14:00:00',0,'',''),('8f645574-78b6-41f1-8301-79933b2e9ab5','539aa82a-07fa-42fe-a254-e2d68d33934d','2023-12-08 10:00:00',0,'',''),('90410b84-a4d5-451e-a6ad-213891f37153','39ac0120-ddd4-46cd-aeda-cfa7699b7b73','2023-12-08 14:00:00',0,'',''),('90c934da-1732-4a5a-ab1a-99e702fc1b4c','39ac0120-ddd4-46cd-aeda-cfa7699b7b73','2023-12-06 12:00:00',0,'',''),('9332e43b-15d5-4b37-8e1d-1515f497afd4','539aa82a-07fa-42fe-a254-e2d68d33934d','2023-11-25 16:00:00',0,'',''),('9380551a-7b1e-4b80-aeff-2307eeb06a39','fec7c26e-1815-497b-97fa-28768df06506','2023-12-13 18:00:00',0,'',''),('9459392d-7803-4c83-84df-a18b6d7c1bde','39ac0120-ddd4-46cd-aeda-cfa7699b7b73','2023-12-25 14:00:00',0,'',''),('94c092e2-1e9c-4b1c-8577-7e7c072b788b','39ac0120-ddd4-46cd-aeda-cfa7699b7b73','2023-12-12 13:00:00',0,'',''),('94c6f1b3-4971-43e6-b4cb-3f2cd0dd9f25','fec7c26e-1815-497b-97fa-28768df06506','2023-12-13 10:00:00',0,'',''),('94e19844-376e-4bb8-a937-59d471686172','39ac0120-ddd4-46cd-aeda-cfa7699b7b73','2023-12-22 15:00:00',0,'',''),('95906faa-ee04-4e98-987c-316bea588ac8','539aa82a-07fa-42fe-a254-e2d68d33934d','2023-12-12 10:00:00',0,'',''),('961d3510-e3bb-4a53-bb8c-227913c1f562','39ac0120-ddd4-46cd-aeda-cfa7699b7b73','2023-12-10 12:00:00',0,'',''),('96280a82-4fd3-46c0-87e0-4b414eadc2b5','539aa82a-07fa-42fe-a254-e2d68d33934d','2023-12-09 18:00:00',0,'',''),('967f99fe-61ca-45d7-9dc3-447dbf008574','fec7c26e-1815-497b-97fa-28768df06506','2023-12-06 14:00:00',0,'',''),('968acabe-9144-40e3-973d-1c2a41c050b4','fec7c26e-1815-497b-97fa-28768df06506','2023-12-23 12:00:00',0,'',''),('9757d8d0-272b-4b95-9acb-45d35bbf03df','39ac0120-ddd4-46cd-aeda-cfa7699b7b73','2023-12-11 11:00:00',0,'',''),('97d1f4ab-efb2-4242-8374-c4a8a9423b9a','39ac0120-ddd4-46cd-aeda-cfa7699b7b73','2023-12-23 11:00:00',0,'',''),('9888bc0d-bfc7-48c3-a8f4-4444ffd8cb7c','539aa82a-07fa-42fe-a254-e2d68d33934d','2023-12-04 10:00:00',0,'',''),('9914107f-0078-4f12-8e4d-abf440265faa','39ac0120-ddd4-46cd-aeda-cfa7699b7b73','2023-12-23 14:00:00',0,'',''),('994f7406-a2d6-4836-b87e-5251e2f40b44','39ac0120-ddd4-46cd-aeda-cfa7699b7b73','2023-12-08 11:00:00',0,'',''),('995738be-7a91-4e26-905b-df5c740bc43a','539aa82a-07fa-42fe-a254-e2d68d33934d','2023-11-24 16:00:00',0,'',''),('99c70735-9ef2-4f4b-815d-b255e4d98f0e','fec7c26e-1815-497b-97fa-28768df06506','2023-12-25 16:00:00',0,'',''),('99f10747-a4d5-4e1e-bd8f-65ed724dc53c','fec7c26e-1815-497b-97fa-28768df06506','2023-12-12 14:00:00',0,'',''),('9ba04ad8-d7ee-4a35-8f7d-b017a3a3549b','39ac0120-ddd4-46cd-aeda-cfa7699b7b73','2023-12-09 12:00:00',0,'',''),('9ba23567-2b1e-493c-a80d-91f1aeacdd99','539aa82a-07fa-42fe-a254-e2d68d33934d','2023-11-24 14:00:00',0,'',''),('9c7f3863-37b8-4656-9e05-5404719ffa41','39ac0120-ddd4-46cd-aeda-cfa7699b7b73','2023-12-13 15:00:00',0,'',''),('9e3f81a0-94ed-4f45-8de1-430f64bc710d','539aa82a-07fa-42fe-a254-e2d68d33934d','2023-12-11 16:00:00',0,'',''),('9e5e3340-2e0a-45af-a796-cbd681fc9a4d','fec7c26e-1815-497b-97fa-28768df06506','2023-12-11 12:00:00',0,'',''),('9e65488b-7ec0-468c-b5bc-e13ac56f0b3f','39ac0120-ddd4-46cd-aeda-cfa7699b7b73','2023-12-14 17:00:00',0,'',''),('9e6bfe66-4221-4411-beeb-e8432f5654bc','fec7c26e-1815-497b-97fa-28768df06506','2023-12-09 14:00:00',0,'',''),('9f0942e6-c8ad-460c-a855-f2d1666e80ef','539aa82a-07fa-42fe-a254-e2d68d33934d','2023-11-28 16:00:00',0,'',''),('9f27a325-f1e0-4c84-9bd9-2df31109a27f','539aa82a-07fa-42fe-a254-e2d68d33934d','2023-12-18 14:00:00',0,'',''),('9fa6d38f-c5c0-4345-8502-b8711cbfebea','fec7c26e-1815-497b-97fa-28768df06506','2023-12-21 18:00:00',0,'',''),('9fb349a2-7997-44b1-8ee2-60ef22775494','539aa82a-07fa-42fe-a254-e2d68d33934d','2023-12-17 10:00:00',0,'',''),('a01d2a66-7799-401a-993a-b3fa160461e9','539aa82a-07fa-42fe-a254-e2d68d33934d','2023-12-19 16:00:00',0,'',''),('a0286754-c0bc-4fda-a1a1-109bb0ab2469','539aa82a-07fa-42fe-a254-e2d68d33934d','2023-11-25 10:00:00',0,'',''),('a064724e-d6c9-4c97-8731-97ef657b1582','39ac0120-ddd4-46cd-aeda-cfa7699b7b73','2023-12-29 10:00:00',0,'',''),('a06e9ef3-5a17-44bc-9970-c251f173e53d','fec7c26e-1815-497b-97fa-28768df06506','2023-12-01 16:00:00',0,'',''),('a0c657b7-be1b-4985-bdc8-de2ec4721ae3','539aa82a-07fa-42fe-a254-e2d68d33934d','2023-11-27 14:00:00',0,'',''),('a0d59e1b-7b56-4447-a844-68673f333e0e','fec7c26e-1815-497b-97fa-28768df06506','2023-12-04 18:00:00',0,'',''),('a0de2bbd-caa2-499b-9fbb-d940d5378d9c','539aa82a-07fa-42fe-a254-e2d68d33934d','2023-12-11 10:00:00',0,'',''),('a1f98831-ff2a-457e-9c10-01e1a05f4c6c','fec7c26e-1815-497b-97fa-28768df06506','2023-12-09 12:00:00',0,'',''),('a1fe64f0-4004-41b5-98ea-a8a80b2c057a','39ac0120-ddd4-46cd-aeda-cfa7699b7b73','2023-12-05 13:00:00',0,'',''),('a20cfd96-dcfd-48f3-afa5-21fe94257b96','539aa82a-07fa-42fe-a254-e2d68d33934d','2023-12-13 16:00:00',0,'',''),('a242d85f-8bff-485f-a03d-a0e4f7b68b09','539aa82a-07fa-42fe-a254-e2d68d33934d','2023-11-30 12:00:00',0,'',''),('a24cc4c9-a301-4b15-a505-618a174906bc','539aa82a-07fa-42fe-a254-e2d68d33934d','2023-12-21 10:00:00',0,'',''),('a253d1c6-9b1f-4514-851f-fb76e638eae7','fec7c26e-1815-497b-97fa-28768df06506','2023-12-20 16:00:00',0,'',''),('a2b9a89c-3492-4c9a-b238-0268e503a4d9','fec7c26e-1815-497b-97fa-28768df06506','2023-12-13 16:00:00',0,'',''),('a2d85cc1-ae30-45d8-9e0b-3a16351375ac','fec7c26e-1815-497b-97fa-28768df06506','2023-12-25 18:00:00',0,'',''),('a378ad8e-4e71-438c-a191-6a82844d275a','539aa82a-07fa-42fe-a254-e2d68d33934d','2023-12-17 12:00:00',0,'',''),('a41a447e-04d8-45d8-bee5-be69be800797','39ac0120-ddd4-46cd-aeda-cfa7699b7b73','2023-12-27 15:00:00',0,'',''),('a434d6c0-c02f-41c0-b182-93ee61ceed6b','539aa82a-07fa-42fe-a254-e2d68d33934d','2023-12-13 14:00:00',0,'',''),('a45c3009-2d42-45ae-9457-f17a4a742670','39ac0120-ddd4-46cd-aeda-cfa7699b7b73','2023-12-16 14:00:00',0,'',''),('a54c9a65-8a85-4968-bfcc-5455bcb9f572','39ac0120-ddd4-46cd-aeda-cfa7699b7b73','2023-12-18 13:00:00',0,'',''),('a5a12284-34c1-40a7-a326-04caa23a7b35','539aa82a-07fa-42fe-a254-e2d68d33934d','2023-12-14 16:00:00',0,'',''),('a5d02625-404d-493c-bc36-9e8f2bb26a09','39ac0120-ddd4-46cd-aeda-cfa7699b7b73','2023-12-17 17:00:00',0,'',''),('a5d3257e-25b7-4008-8a3d-a2acc7e381d7','539aa82a-07fa-42fe-a254-e2d68d33934d','2023-11-26 12:00:00',0,'',''),('a6c622f3-8aea-4175-a4ba-d1e11a8fd712','539aa82a-07fa-42fe-a254-e2d68d33934d','2023-12-08 12:00:00',0,'',''),('a6cf12ab-fee5-4a6b-9748-72db7957dee9','fec7c26e-1815-497b-97fa-28768df06506','2023-12-15 12:00:00',0,'',''),('a6e80314-de07-4517-b02b-c61be0a9338b','39ac0120-ddd4-46cd-aeda-cfa7699b7b73','2023-12-26 10:00:00',0,'',''),('a6f348e8-9c9f-4195-902d-711f7d1b8182','fec7c26e-1815-497b-97fa-28768df06506','2023-12-28 12:00:00',0,'',''),('a7f9fad2-1b7c-4cc2-a711-f2837008fcc7','fec7c26e-1815-497b-97fa-28768df06506','2023-12-24 12:00:00',0,'',''),('a809837a-0abe-4d37-883d-0613a7a68b8c','39ac0120-ddd4-46cd-aeda-cfa7699b7b73','2023-12-17 12:00:00',0,'',''),('a83085af-d78d-4e0f-96fb-7c7d02496ab5','539aa82a-07fa-42fe-a254-e2d68d33934d','2023-12-22 18:00:00',0,'',''),('a8f8e44f-0b1e-4ca1-ae3a-7a81ff990505','39ac0120-ddd4-46cd-aeda-cfa7699b7b73','2023-12-10 14:00:00',0,'',''),('a91b6a36-7c21-4452-9b91-aac902bc18cc','39ac0120-ddd4-46cd-aeda-cfa7699b7b73','2023-12-05 11:00:00',0,'',''),('a94868b9-e4b7-4116-b96c-24e68aa6211e','39ac0120-ddd4-46cd-aeda-cfa7699b7b73','2023-12-10 11:00:00',0,'',''),('aa59bc2b-50ec-4b4e-a02b-94dccbeef0a5','fec7c26e-1815-497b-97fa-28768df06506','2023-12-23 10:00:00',0,'',''),('aa9a2a45-6bfe-44b4-8b08-3c28e48e8091','539aa82a-07fa-42fe-a254-e2d68d33934d','2023-11-23 12:00:00',0,'',''),('ab2e70ec-326f-487f-9066-602a4c9ced58','539aa82a-07fa-42fe-a254-e2d68d33934d','2023-11-26 10:00:00',0,'',''),('ab2f929a-5961-4b4b-8588-74fd15a2c369','39ac0120-ddd4-46cd-aeda-cfa7699b7b73','2023-12-12 16:00:00',0,'',''),('ab39edae-aefb-48c2-b50f-fd444bb458d0','539aa82a-07fa-42fe-a254-e2d68d33934d','2023-12-23 14:00:00',0,'',''),('ab3d9245-6bb8-4266-afaa-6092c2c957f5','39ac0120-ddd4-46cd-aeda-cfa7699b7b73','2023-12-19 16:00:00',0,'',''),('ab5a5015-7512-4c99-815a-763a6fd8b15d','539aa82a-07fa-42fe-a254-e2d68d33934d','2023-12-10 14:00:00',0,'',''),('ab6b96d9-2761-4cca-bf34-b77fc8c45233','fec7c26e-1815-497b-97fa-28768df06506','2023-12-14 12:00:00',0,'',''),('abf9602e-6c40-4311-a6ba-80f09d34d968','39ac0120-ddd4-46cd-aeda-cfa7699b7b73','2023-12-25 16:00:00',0,'',''),('ac413130-fe88-4717-8a26-34e7cb0c7ebe','39ac0120-ddd4-46cd-aeda-cfa7699b7b73','2023-12-06 13:00:00',0,'',''),('acb1a105-aecb-4963-a4df-610e0082f7ed','fec7c26e-1815-497b-97fa-28768df06506','2023-12-21 12:00:00',0,'',''),('ad07546e-86e5-4348-a22d-f1d0590d9c05','539aa82a-07fa-42fe-a254-e2d68d33934d','2023-12-11 12:00:00',0,'',''),('b039777b-e2e6-48ce-aab9-f2e31f7f39e4','fec7c26e-1815-497b-97fa-28768df06506','2023-12-01 10:00:00',0,'',''),('b084457f-6b33-4fc4-af55-019ee36bb7b7','39ac0120-ddd4-46cd-aeda-cfa7699b7b73','2023-12-07 18:00:00',0,'',''),('b08c0b0b-52e5-421c-b4d3-7319a1cf1aff','539aa82a-07fa-42fe-a254-e2d68d33934d','2023-12-15 16:00:00',0,'',''),('b0eb79c1-9472-4c16-adca-2a43ab5df557','539aa82a-07fa-42fe-a254-e2d68d33934d','2023-12-04 16:00:00',0,'',''),('b10d1eef-9563-4a3b-b9bf-e1ba9f92950f','39ac0120-ddd4-46cd-aeda-cfa7699b7b73','2023-12-14 16:00:00',0,'',''),('b22a632a-6d81-4a35-9c8f-f1f50b6ad550','fec7c26e-1815-497b-97fa-28768df06506','2023-12-17 16:00:00',0,'',''),('b2a1855a-9558-4ba5-b80d-ecc3993a8e3d','39ac0120-ddd4-46cd-aeda-cfa7699b7b73','2023-12-05 16:00:00',0,'',''),('b3b42e8d-8378-4e4c-98ae-5ae3d7a36985','fec7c26e-1815-497b-97fa-28768df06506','2023-12-01 12:00:00',0,'',''),('b3faacb0-b2c7-4c29-a934-950a510c3328','39ac0120-ddd4-46cd-aeda-cfa7699b7b73','2023-12-25 15:00:00',0,'',''),('b4e7e0f2-ac1f-4578-80fc-8e91bbe7302e','539aa82a-07fa-42fe-a254-e2d68d33934d','2023-11-27 12:00:00',0,'',''),('b4f70195-25c5-45dd-a7be-b0bb2c2799ed','39ac0120-ddd4-46cd-aeda-cfa7699b7b73','2023-12-18 12:00:00',0,'',''),('b50418d0-b80e-4970-ab1f-9f9590a17eba','39ac0120-ddd4-46cd-aeda-cfa7699b7b73','2023-11-30 11:00:00',0,'',''),('b517461d-7450-4d64-a9ca-ec610ff30b82','539aa82a-07fa-42fe-a254-e2d68d33934d','2023-11-25 14:00:00',0,'',''),('b676c60f-895e-4695-97b6-e0515a0061e1','fec7c26e-1815-497b-97fa-28768df06506','2023-12-20 10:00:00',0,'',''),('b6bfd225-7a75-4116-8e71-533c545555bc','539aa82a-07fa-42fe-a254-e2d68d33934d','2023-12-08 14:00:00',0,'',''),('b7807793-38bb-436c-a10f-e4f3a6fb6e86','39ac0120-ddd4-46cd-aeda-cfa7699b7b73','2023-12-22 14:00:00',0,'',''),('b7926355-8122-4f6f-bb09-eb1852df5812','39ac0120-ddd4-46cd-aeda-cfa7699b7b73','2023-12-27 11:00:00',0,'',''),('b8233f24-93cd-47b3-b5ba-6e0d7f7f5f70','39ac0120-ddd4-46cd-aeda-cfa7699b7b73','2023-12-04 11:00:00',0,'',''),('b9ae9934-a6d8-4e64-8d02-15743c960f05','539aa82a-07fa-42fe-a254-e2d68d33934d','2023-11-23 14:00:00',0,'',''),('b9b06572-c100-4bfb-9819-c9e9fefc4a28','39ac0120-ddd4-46cd-aeda-cfa7699b7b73','2023-12-25 17:00:00',0,'',''),('b9be7c76-c3c7-4292-a195-5f4a88f91954','39ac0120-ddd4-46cd-aeda-cfa7699b7b73','2023-12-06 10:00:00',0,'',''),('b9ddaf69-46d6-45d3-aa53-86d6e3c20469','39ac0120-ddd4-46cd-aeda-cfa7699b7b73','2023-12-15 11:00:00',0,'',''),('ba477fc0-3ab8-46e2-88e2-afea39bd68c0','39ac0120-ddd4-46cd-aeda-cfa7699b7b73','2023-11-30 15:00:00',0,'',''),('ba8d3c19-5f6c-4a8d-b4ca-8d63d44c78d6','539aa82a-07fa-42fe-a254-e2d68d33934d','2023-12-24 10:00:00',0,'',''),('ba95b004-300f-4a35-972c-4d6411ad36cc','fec7c26e-1815-497b-97fa-28768df06506','2023-12-02 12:00:00',0,'',''),('bb93f124-e572-4152-b9cc-9216ab834e1a','fec7c26e-1815-497b-97fa-28768df06506','2023-12-26 18:00:00',0,'',''),('bb96a4a2-8387-4342-873f-1f298be3db98','539aa82a-07fa-42fe-a254-e2d68d33934d','2023-12-11 18:00:00',0,'',''),('bbbe8c44-3e86-42f4-abf0-eb6ee75d405c','39ac0120-ddd4-46cd-aeda-cfa7699b7b73','2023-12-01 11:00:00',0,'',''),('bc1de650-ed91-40b8-a92a-88f3b66ce704','fec7c26e-1815-497b-97fa-28768df06506','2023-12-10 10:00:00',0,'',''),('bc4531c7-82c2-424d-9bcd-9d2843f2f1c3','39ac0120-ddd4-46cd-aeda-cfa7699b7b73','2023-12-07 13:00:00',0,'',''),('bc4f981f-0ecf-495c-b0cd-bba5ce033ac2','539aa82a-07fa-42fe-a254-e2d68d33934d','2023-12-03 16:00:00',0,'',''),('bc532760-1ab5-4cc3-9a82-c81770c6996d','fec7c26e-1815-497b-97fa-28768df06506','2023-12-10 18:00:00',0,'',''),('bd62103b-76ab-426a-a06d-407a4d771200','539aa82a-07fa-42fe-a254-e2d68d33934d','2023-11-26 16:00:00',0,'',''),('bd9f46fd-f829-4c4d-8123-5354288d5c24','39ac0120-ddd4-46cd-aeda-cfa7699b7b73','2023-12-14 11:00:00',0,'',''),('bdd017ea-61f5-4d0f-8f43-1305134a68da','39ac0120-ddd4-46cd-aeda-cfa7699b7b73','2023-12-20 17:00:00',0,'',''),('be755ac9-2330-408d-8063-b254d3310d3f','39ac0120-ddd4-46cd-aeda-cfa7699b7b73','2023-12-08 16:00:00',0,'',''),('beae4caa-6d49-4a8f-840a-dd52d55a6363','fec7c26e-1815-497b-97fa-28768df06506','2023-12-27 16:00:00',0,'',''),('beaffb81-028b-4df3-bade-392160ccd049','39ac0120-ddd4-46cd-aeda-cfa7699b7b73','2023-11-30 13:00:00',0,'',''),('bf4ca63e-9788-4a49-8094-9068fcd0ef85','539aa82a-07fa-42fe-a254-e2d68d33934d','2023-11-23 10:00:00',0,'',''),('bf54c66e-24f6-41c8-8a6c-ae50a187e988','39ac0120-ddd4-46cd-aeda-cfa7699b7b73','2023-12-19 12:00:00',0,'',''),('bf605af5-6e38-4dd8-950a-cc84e1d592a8','39ac0120-ddd4-46cd-aeda-cfa7699b7b73','2023-12-25 18:00:00',0,'',''),('bfcb1c2d-965e-4564-82db-87b21803f468','539aa82a-07fa-42fe-a254-e2d68d33934d','2023-12-20 18:00:00',0,'',''),('c063d058-1fb6-4fc3-bd48-3d72017e4342','539aa82a-07fa-42fe-a254-e2d68d33934d','2023-12-02 14:00:00',0,'',''),('c0d6a929-c3b1-4c36-93fb-f0b67b0a63f9','39ac0120-ddd4-46cd-aeda-cfa7699b7b73','2023-12-07 12:00:00',0,'',''),('c1290fa1-669a-4691-8faf-c548b65819eb','39ac0120-ddd4-46cd-aeda-cfa7699b7b73','2023-12-27 18:00:00',0,'',''),('c13a1d5a-6a3b-45ae-a80d-1b5c9b172f02','39ac0120-ddd4-46cd-aeda-cfa7699b7b73','2023-12-02 12:00:00',0,'',''),('c2382f73-752e-43f2-b927-aff527674f5b','fec7c26e-1815-497b-97fa-28768df06506','2023-12-22 14:00:00',0,'',''),('c336574e-d519-43b4-9636-62d26063f45a','39ac0120-ddd4-46cd-aeda-cfa7699b7b73','2023-12-06 15:00:00',0,'',''),('c36b63e6-6320-42f5-9b65-996c796e0a4e','fec7c26e-1815-497b-97fa-28768df06506','2023-12-08 14:00:00',0,'',''),('c3a7a9c7-58a7-42ce-8878-6b5f0320f224','39ac0120-ddd4-46cd-aeda-cfa7699b7b73','2023-12-05 17:00:00',0,'',''),('c3abe702-e313-4a07-b16c-5e5be5d45fbc','fec7c26e-1815-497b-97fa-28768df06506','2023-12-08 18:00:00',0,'',''),('c50f59f1-ec00-4a59-872c-e241941f98fd','39ac0120-ddd4-46cd-aeda-cfa7699b7b73','2023-12-07 15:00:00',0,'',''),('c53f73db-a40f-498d-92b4-8da72f4031ed','39ac0120-ddd4-46cd-aeda-cfa7699b7b73','2023-12-14 14:00:00',0,'',''),('c57044ea-67b6-4881-8027-48ff929f03d2','539aa82a-07fa-42fe-a254-e2d68d33934d','2023-12-08 16:00:00',0,'',''),('c57d323a-480f-4f75-a6ae-9ab5df6e014d','39ac0120-ddd4-46cd-aeda-cfa7699b7b73','2023-12-07 14:00:00',0,'',''),('c5f68314-adaf-4937-aff3-41e140938fd0','fec7c26e-1815-497b-97fa-28768df06506','2023-12-03 14:00:00',0,'',''),('c608a0a8-c59d-4315-9547-51c7f54a1786','39ac0120-ddd4-46cd-aeda-cfa7699b7b73','2023-12-21 17:00:00',0,'',''),('c61b172e-9312-4176-94e2-e227e9374c4f','39ac0120-ddd4-46cd-aeda-cfa7699b7b73','2023-12-08 12:00:00',0,'',''),('c6620002-bf4f-43c2-b410-0a846540c668','fec7c26e-1815-497b-97fa-28768df06506','2023-12-25 10:00:00',0,'',''),('c6c5fcf7-f84e-4580-b7b0-a8498caa2f42','539aa82a-07fa-42fe-a254-e2d68d33934d','2023-12-13 10:00:00',0,'',''),('c77a6afd-e184-4b0a-85ca-3e52793522b6','539aa82a-07fa-42fe-a254-e2d68d33934d','2023-11-27 16:00:00',0,'',''),('c7dc9409-22c0-43d6-a803-0feec6f24f62','fec7c26e-1815-497b-97fa-28768df06506','2023-11-29 12:00:00',0,'',''),('c8776f33-bc79-44bb-a71c-27af0bfbf0ee','539aa82a-07fa-42fe-a254-e2d68d33934d','2023-12-05 10:00:00',0,'',''),('c8a74fb6-cb5f-46dc-8958-5031e1e40789','39ac0120-ddd4-46cd-aeda-cfa7699b7b73','2023-12-04 14:00:00',0,'',''),('c8d721d3-fe0e-4b2c-b384-e6edfe43a4e8','39ac0120-ddd4-46cd-aeda-cfa7699b7b73','2023-12-19 10:00:00',0,'',''),('ca2fa0d4-6009-443a-8831-a930f1776a1a','fec7c26e-1815-497b-97fa-28768df06506','2023-12-02 16:00:00',0,'',''),('cbdf0f5a-3f58-460f-ac0e-d0c05cbb2c20','39ac0120-ddd4-46cd-aeda-cfa7699b7b73','2023-12-08 10:00:00',0,'',''),('cc30a4ab-79a2-419a-aea8-5a568b3816e6','539aa82a-07fa-42fe-a254-e2d68d33934d','2023-12-01 14:00:00',0,'',''),('ccdc439d-34f9-4809-9d3e-a0c347fcc730','539aa82a-07fa-42fe-a254-e2d68d33934d','2023-12-09 10:00:00',0,'',''),('cd527086-2878-4d7c-b43b-ded02de11a7b','539aa82a-07fa-42fe-a254-e2d68d33934d','2023-12-05 12:00:00',0,'',''),('cde1144d-3ab5-4866-9931-e8a47c8ab07c','39ac0120-ddd4-46cd-aeda-cfa7699b7b73','2023-12-20 16:00:00',0,'',''),('ce4c4c99-1502-4450-974d-69e0e2e39499','39ac0120-ddd4-46cd-aeda-cfa7699b7b73','2023-12-23 12:00:00',0,'',''),('cf3c1db8-2045-4849-9cc5-ac788d01a1e2','39ac0120-ddd4-46cd-aeda-cfa7699b7b73','2023-12-03 17:00:00',0,'',''),('cf73fc47-1c23-4b66-ad1e-5e18d35e4465','39ac0120-ddd4-46cd-aeda-cfa7699b7b73','2023-12-03 10:00:00',0,'',''),('cfe10854-0f28-4479-99f5-31f96465985f','539aa82a-07fa-42fe-a254-e2d68d33934d','2023-11-28 12:00:00',0,'',''),('cfff33ec-ccfa-4995-b09c-5231d6af5578','fec7c26e-1815-497b-97fa-28768df06506','2023-12-07 10:00:00',0,'',''),('d0340b9d-55a0-4135-8ec9-10f411826224','539aa82a-07fa-42fe-a254-e2d68d33934d','2023-12-02 18:00:00',0,'',''),('d04b00b4-f972-4b6e-9927-3ee566153f21','39ac0120-ddd4-46cd-aeda-cfa7699b7b73','2023-12-10 10:00:00',0,'',''),('d1f28dcd-d1a0-49a1-8e8f-45b67702fdeb','39ac0120-ddd4-46cd-aeda-cfa7699b7b73','2023-12-20 12:00:00',0,'',''),('d25e6023-4cca-4bb4-83d5-1400935b9d5f','fec7c26e-1815-497b-97fa-28768df06506','2023-12-23 14:00:00',0,'',''),('d29b8163-e508-43d7-a34a-49b2b7042840','39ac0120-ddd4-46cd-aeda-cfa7699b7b73','2023-12-12 12:00:00',0,'',''),('d2f13a91-3a8d-42a1-8579-548deb7fd7c2','539aa82a-07fa-42fe-a254-e2d68d33934d','2023-12-23 16:00:00',0,'',''),('d2f9f7c5-5ef3-4f6e-adef-eb23ffed00fe','539aa82a-07fa-42fe-a254-e2d68d33934d','2023-11-30 18:00:00',0,'',''),('d37b1ef8-dcc0-4ca2-b34c-43f990ceadc9','fec7c26e-1815-497b-97fa-28768df06506','2023-12-16 16:00:00',0,'',''),('d3a758af-0ab0-49e7-862c-6d3c71cb7231','539aa82a-07fa-42fe-a254-e2d68d33934d','2023-11-28 14:00:00',0,'',''),('d43e0107-2f4c-4378-8abe-25ffe77fef5d','39ac0120-ddd4-46cd-aeda-cfa7699b7b73','2023-12-24 13:00:00',0,'',''),('d4aa0a02-5acf-4021-a3ce-89a7d3ddf6a7','39ac0120-ddd4-46cd-aeda-cfa7699b7b73','2023-12-18 15:00:00',0,'',''),('d4e03e51-a9c9-452b-87c2-8182fa2f951e','39ac0120-ddd4-46cd-aeda-cfa7699b7b73','2023-12-16 17:00:00',0,'',''),('d548856a-f0d4-4252-ac6e-76c3f9394a50','39ac0120-ddd4-46cd-aeda-cfa7699b7b73','2023-12-21 13:00:00',0,'',''),('d57062bf-0ba5-40c5-abfa-a1fc38b73ebd','fec7c26e-1815-497b-97fa-28768df06506','2023-12-03 16:00:00',0,'',''),('d5a0bd5f-c41e-4cb0-972b-5a58bdd50c5d','539aa82a-07fa-42fe-a254-e2d68d33934d','2023-12-26 16:00:00',0,'',''),('d61497a7-7906-4807-b828-f9a9bb03fa15','539aa82a-07fa-42fe-a254-e2d68d33934d','2023-12-07 14:00:00',0,'',''),('d6893ac1-24dc-4d61-9683-7374f86fcc36','39ac0120-ddd4-46cd-aeda-cfa7699b7b73','2023-12-23 13:00:00',0,'',''),('d7e9bdd7-b830-4aeb-af04-8f7b073f33bf','539aa82a-07fa-42fe-a254-e2d68d33934d','2023-12-20 14:00:00',0,'',''),('d9683dc0-f806-4e31-bb3f-90718e20fc29','39ac0120-ddd4-46cd-aeda-cfa7699b7b73','2023-12-26 17:00:00',0,'',''),('da2f18ad-c87a-4627-a59f-67a6d46b58e3','39ac0120-ddd4-46cd-aeda-cfa7699b7b73','2023-12-21 12:00:00',0,'',''),('da35cfa8-ab40-46dc-afb5-40124d62b990','39ac0120-ddd4-46cd-aeda-cfa7699b7b73','2023-12-13 10:00:00',0,'',''),('da4018cd-a2d7-4fa4-82af-cab3569773ee','39ac0120-ddd4-46cd-aeda-cfa7699b7b73','2023-12-24 14:00:00',0,'',''),('da66b81d-f07c-431e-a65f-d3161d10b488','39ac0120-ddd4-46cd-aeda-cfa7699b7b73','2023-12-27 13:00:00',0,'',''),('da72e322-9e47-41b9-9ed5-b4c4995405a4','39ac0120-ddd4-46cd-aeda-cfa7699b7b73','2023-12-03 15:00:00',0,'',''),('dba71f3b-d50a-43bb-b4f0-5d738215b4b3','39ac0120-ddd4-46cd-aeda-cfa7699b7b73','2023-12-28 17:00:00',0,'',''),('dc634fcd-e836-4092-a842-9b4432a2a6d7','fec7c26e-1815-497b-97fa-28768df06506','2023-12-19 12:00:00',0,'',''),('dc6d896a-7ce0-48b8-adc5-ce707404dd6d','fec7c26e-1815-497b-97fa-28768df06506','2023-12-11 16:00:00',0,'',''),('dc91fa1a-b135-40af-b7c8-c2e51590448c','539aa82a-07fa-42fe-a254-e2d68d33934d','2023-11-26 14:00:00',0,'',''),('dd2a92bf-43ac-40ec-b2e7-a804568ea3b1','39ac0120-ddd4-46cd-aeda-cfa7699b7b73','2023-12-02 17:00:00',0,'',''),('dd9b3640-2850-4ec1-85d2-838defd1e9a0','fec7c26e-1815-497b-97fa-28768df06506','2023-12-20 12:00:00',0,'',''),('ddb58f1b-4bb9-43b9-a5a8-19c2afd4a354','539aa82a-07fa-42fe-a254-e2d68d33934d','2023-12-19 10:00:00',0,'',''),('decc900a-4245-4144-b84a-89c055490cac','39ac0120-ddd4-46cd-aeda-cfa7699b7b73','2023-12-19 13:00:00',0,'',''),('dee57ede-1060-442a-a0d6-97d30ebf964f','39ac0120-ddd4-46cd-aeda-cfa7699b7b73','2023-12-24 12:00:00',0,'',''),('df0f968f-5c06-4635-a536-2d436489662c','539aa82a-07fa-42fe-a254-e2d68d33934d','2023-12-14 18:00:00',0,'',''),('dfda75a4-b0bd-41ef-ac5e-18a91e0b2ece','39ac0120-ddd4-46cd-aeda-cfa7699b7b73','2023-12-18 11:00:00',0,'',''),('dfde7bad-e16d-4cde-9fae-00372fb8e91e','39ac0120-ddd4-46cd-aeda-cfa7699b7b73','2023-12-28 10:00:00',0,'',''),('e0232175-00e3-4473-885d-f4505b554bac','539aa82a-07fa-42fe-a254-e2d68d33934d','2023-11-28 10:00:00',0,'',''),('e08255b8-9988-46c1-a03b-d603615fed80','39ac0120-ddd4-46cd-aeda-cfa7699b7b73','2023-12-01 16:00:00',0,'',''),('e133d09b-0671-475a-8a91-f4c81406b532','39ac0120-ddd4-46cd-aeda-cfa7699b7b73','2023-12-23 15:00:00',0,'',''),('e191e492-b794-4a63-a865-d5d7d99e1aa0','fec7c26e-1815-497b-97fa-28768df06506','2023-12-09 10:00:00',0,'',''),('e1d315e2-f594-4def-9c82-ad4490cb02d3','539aa82a-07fa-42fe-a254-e2d68d33934d','2023-12-22 14:00:00',0,'',''),('e1f0b83b-de68-4d8b-bca8-4353e0a4cf5c','fec7c26e-1815-497b-97fa-28768df06506','2023-12-14 18:00:00',0,'',''),('e225b068-44e2-492d-b9b3-58cc947922c1','539aa82a-07fa-42fe-a254-e2d68d33934d','2023-11-24 12:00:00',0,'',''),('e232b995-5b14-4c6c-88b7-560d77fad903','39ac0120-ddd4-46cd-aeda-cfa7699b7b73','2023-12-04 12:00:00',0,'',''),('e2bc34bd-e6ba-40dc-b475-99e64962a17a','fec7c26e-1815-497b-97fa-28768df06506','2023-12-28 18:00:00',0,'',''),('e2da6795-78d0-4f92-af4a-1765d5323192','39ac0120-ddd4-46cd-aeda-cfa7699b7b73','2023-12-05 12:00:00',0,'',''),('e3266a0c-217e-4ce8-93df-e1929745bf85','539aa82a-07fa-42fe-a254-e2d68d33934d','2023-12-17 16:00:00',0,'',''),('e3355060-bb23-48ad-aae2-3bae367cbf18','fec7c26e-1815-497b-97fa-28768df06506','2023-12-15 18:00:00',0,'',''),('e423c124-c1f6-47b2-85aa-683f7fbbc83b','39ac0120-ddd4-46cd-aeda-cfa7699b7b73','2023-12-15 13:00:00',0,'',''),('e542c1fd-2842-4ee2-8f79-701c2d8cb7b1','39ac0120-ddd4-46cd-aeda-cfa7699b7b73','2023-12-11 12:00:00',0,'',''),('e5c92db6-3f9a-41bc-b19b-a37b6adff992','39ac0120-ddd4-46cd-aeda-cfa7699b7b73','2023-12-16 15:00:00',0,'',''),('e5d9e83f-82c9-431b-8a18-d265c4c36bbb','39ac0120-ddd4-46cd-aeda-cfa7699b7b73','2023-12-23 10:00:00',0,'',''),('e5fa8c1b-1174-46e1-8297-634475768290','39ac0120-ddd4-46cd-aeda-cfa7699b7b73','2023-11-30 18:00:00',0,'',''),('e5fb3470-b576-4cc4-bf40-d51595e04057','fec7c26e-1815-497b-97fa-28768df06506','2023-12-15 16:00:00',0,'',''),('e609197b-98f0-40b1-91ab-b44192e36563','39ac0120-ddd4-46cd-aeda-cfa7699b7b73','2023-12-26 12:00:00',0,'',''),('e63bfcc0-fd71-4fcd-9b2b-f0c55d7975a7','539aa82a-07fa-42fe-a254-e2d68d33934d','2023-12-12 16:00:00',0,'',''),('e67d197b-2b90-4aa5-9e52-2f4185a16c69','539aa82a-07fa-42fe-a254-e2d68d33934d','2023-12-22 16:00:00',0,'',''),('e79ac049-2616-4e11-bc66-4bde402f474a','539aa82a-07fa-42fe-a254-e2d68d33934d','2023-12-10 12:00:00',0,'',''),('e8322685-bce5-433b-ab43-e763b42ab513','39ac0120-ddd4-46cd-aeda-cfa7699b7b73','2023-11-30 16:00:00',0,'',''),('e87e2461-8fb5-4282-a4f5-924876b0169d','39ac0120-ddd4-46cd-aeda-cfa7699b7b73','2023-12-06 14:00:00',0,'',''),('e9f94da1-49b7-4258-9165-bd1c3a3396d4','39ac0120-ddd4-46cd-aeda-cfa7699b7b73','2023-12-11 18:00:00',0,'',''),('eb0cd6eb-90e5-460f-acc3-47ab54a0e120','539aa82a-07fa-42fe-a254-e2d68d33934d','2023-12-20 16:00:00',0,'',''),('eb402145-7d47-400b-a7c5-181e6261f594','39ac0120-ddd4-46cd-aeda-cfa7699b7b73','2023-12-03 13:00:00',0,'',''),('eb56cca3-392e-4cb4-aac7-b7802a9b9b45','539aa82a-07fa-42fe-a254-e2d68d33934d','2023-12-17 14:00:00',0,'',''),('ec21bb38-6929-4f14-86e1-762c49b0ad14','39ac0120-ddd4-46cd-aeda-cfa7699b7b73','2023-12-08 18:00:00',0,'',''),('ed478153-b143-4544-85f8-df0f66b47df0','539aa82a-07fa-42fe-a254-e2d68d33934d','2023-11-26 18:00:00',0,'',''),('ed5de976-5569-47f3-a96a-0b7b255d263b','39ac0120-ddd4-46cd-aeda-cfa7699b7b73','2023-11-30 12:00:00',0,'',''),('ed7c2ede-ea04-4d1e-9be9-81e081376fba','539aa82a-07fa-42fe-a254-e2d68d33934d','2023-12-01 18:00:00',0,'',''),('edf06389-b8cf-4bac-bb51-370751ef2ec5','539aa82a-07fa-42fe-a254-e2d68d33934d','2023-11-23 18:00:00',0,'',''),('ef2c292f-cbf8-4b1f-bb01-2f8026d64bf8','fec7c26e-1815-497b-97fa-28768df06506','2023-12-11 18:00:00',0,'',''),('ef6f0b8e-d084-4ebd-b334-ca93ca690ad3','39ac0120-ddd4-46cd-aeda-cfa7699b7b73','2023-12-20 10:00:00',0,'',''),('ef8b072b-b5a9-49ad-b018-9a5e51fe0173','539aa82a-07fa-42fe-a254-e2d68d33934d','2023-12-03 10:00:00',0,'',''),('ef8df63c-aeaa-484a-83ec-ced9c0b98bee','539aa82a-07fa-42fe-a254-e2d68d33934d','2023-12-25 14:00:00',0,'',''),('efb7351a-54a6-4b07-8a2b-1ffe68162d1d','539aa82a-07fa-42fe-a254-e2d68d33934d','2023-12-19 18:00:00',0,'',''),('f004a474-c66b-4126-8484-593e79621a87','39ac0120-ddd4-46cd-aeda-cfa7699b7b73','2023-12-10 16:00:00',0,'',''),('f0adbcc3-fb92-4b93-a3d2-213079b28ef3','539aa82a-07fa-42fe-a254-e2d68d33934d','2023-12-09 16:00:00',0,'',''),('f0ee81a0-9b39-4b33-926a-54a7dc89f142','539aa82a-07fa-42fe-a254-e2d68d33934d','2023-12-16 16:00:00',0,'',''),('f1c7cdf1-0d86-492b-8f3e-550132e7b67b','fec7c26e-1815-497b-97fa-28768df06506','2023-11-29 18:00:00',0,'',''),('f2102c71-b90c-4a69-9143-9cc19dca278a','39ac0120-ddd4-46cd-aeda-cfa7699b7b73','2023-12-27 10:00:00',0,'',''),('f38ce945-4e62-4b6b-af1f-35f088f5e759','fec7c26e-1815-497b-97fa-28768df06506','2023-12-22 18:00:00',0,'',''),('f4701aaa-7b14-44bd-83a0-c42cfd51a85b','39ac0120-ddd4-46cd-aeda-cfa7699b7b73','2023-12-19 17:00:00',0,'',''),('f490ca15-a6ef-486c-9a65-704bc2734fb9','539aa82a-07fa-42fe-a254-e2d68d33934d','2023-12-06 16:00:00',0,'',''),('f4947572-f935-45f1-b03d-ffc0c100e165','539aa82a-07fa-42fe-a254-e2d68d33934d','2023-12-23 18:00:00',0,'',''),('f4f1c5a3-9de1-4d3e-ba40-6c487bf4cb66','fec7c26e-1815-497b-97fa-28768df06506','2023-12-25 14:00:00',0,'',''),('f4f5e9d0-7945-4bdc-8446-61f30525b5a0','fec7c26e-1815-497b-97fa-28768df06506','2023-12-04 10:00:00',0,'',''),('f51aacc5-c940-42eb-a28e-17854be5ffd8','539aa82a-07fa-42fe-a254-e2d68d33934d','2023-12-02 12:00:00',0,'',''),('f52ddbe4-dee0-4abd-9627-42125e8dfc70','fec7c26e-1815-497b-97fa-28768df06506','2023-12-25 12:00:00',0,'',''),('f53b6e34-ae54-4336-bdd4-d981d5f12f04','539aa82a-07fa-42fe-a254-e2d68d33934d','2023-12-11 14:00:00',0,'',''),('f61cef59-598b-4c62-bdea-938f6cfff11a','539aa82a-07fa-42fe-a254-e2d68d33934d','2023-12-15 12:00:00',0,'',''),('f696ab65-e7b2-4ed8-a7d8-a77bb8080ca7','fec7c26e-1815-497b-97fa-28768df06506','2023-12-20 14:00:00',0,'',''),('f7a83ca7-057d-4674-900e-ad57e693116e','fec7c26e-1815-497b-97fa-28768df06506','2023-12-05 14:00:00',0,'',''),('f8604edd-8f7b-49cd-9b77-9154e34dd8d3','39ac0120-ddd4-46cd-aeda-cfa7699b7b73','2023-12-15 15:00:00',0,'',''),('f966e13d-7ef0-4ccf-b514-04807e9b8fe2','539aa82a-07fa-42fe-a254-e2d68d33934d','2023-12-21 16:00:00',0,'',''),('fa32a9ad-a601-4a8a-b968-500753031b20','fec7c26e-1815-497b-97fa-28768df06506','2023-12-18 10:00:00',0,'',''),('fb28e83a-bfbe-4aaf-b91b-9d90afe82bbf','539aa82a-07fa-42fe-a254-e2d68d33934d','2023-12-18 10:00:00',0,'',''),('fbe024db-34e1-4f13-8222-81b9ee60ba78','539aa82a-07fa-42fe-a254-e2d68d33934d','2023-12-10 18:00:00',0,'',''),('fcd782be-ec0d-459a-9a57-cbc728593e4a','39ac0120-ddd4-46cd-aeda-cfa7699b7b73','2023-12-26 15:00:00',0,'',''),('fd417661-bfdd-46f7-aebb-aedf1747332e','fec7c26e-1815-497b-97fa-28768df06506','2023-12-07 18:00:00',0,'',''),('fd4b4d84-d2a1-44e5-ac94-e5b335f204ce','fec7c26e-1815-497b-97fa-28768df06506','2023-12-18 12:00:00',0,'',''),('fdb58414-e83d-40a9-a1c3-00527b064dbb','39ac0120-ddd4-46cd-aeda-cfa7699b7b73','2023-12-17 15:00:00',0,'',''),('fdce623c-07b1-4759-9279-fa5651770c7d','fec7c26e-1815-497b-97fa-28768df06506','2023-12-24 16:00:00',0,'',''),('fe3714f0-49ad-4500-934e-ed5d292b586e','fec7c26e-1815-497b-97fa-28768df06506','2023-12-21 14:00:00',0,'',''),('fe63748b-69c8-4687-816d-6d4023e8432f','539aa82a-07fa-42fe-a254-e2d68d33934d','2023-12-12 14:00:00',0,'',''),('ff08f41b-30a4-4c3d-a5ac-abf56f91ef0f','539aa82a-07fa-42fe-a254-e2d68d33934d','2023-12-24 16:00:00',0,'',''),('ff4a8f04-a5b3-452f-8eb1-dd367d91f1d0','539aa82a-07fa-42fe-a254-e2d68d33934d','2023-12-24 12:00:00',0,'','');
/*!40000 ALTER TABLE `tb_reservaciones` ENABLE KEYS */;
UNLOCK TABLES;

--
-- Table structure for table `tb_usuarios`
--

DROP TABLE IF EXISTS `tb_usuarios`;
/*!40101 SET @saved_cs_client     = @@character_set_client */;
/*!50503 SET character_set_client = utf8mb4 */;
CREATE TABLE `tb_usuarios` (
  `id` varchar(36) NOT NULL,
  `nombre` varchar(45) NOT NULL,
  `telefono` varchar(20) NOT NULL,
  `email` varchar(45) NOT NULL,
  `contraseña` varchar(80) NOT NULL,
  `cuenta_bancaria` varchar(34) DEFAULT NULL,
  PRIMARY KEY (`id`),
  UNIQUE KEY `id_UNIQUE` (`id`)
) ENGINE=InnoDB DEFAULT CHARSET=utf8mb4 COLLATE=utf8mb4_0900_ai_ci;
/*!40101 SET character_set_client = @saved_cs_client */;

--
-- Dumping data for table `tb_usuarios`
--

LOCK TABLES `tb_usuarios` WRITE;
/*!40000 ALTER TABLE `tb_usuarios` DISABLE KEYS */;
INSERT INTO `tb_usuarios` VALUES ('4bc12c89-fb99-43b1-a60e-64f0d5abcf50','Jorge Garcia Guntin','123','123@yahoo.es','$2b$12$TZydXxZs799pKOslGitkH.Erdb/5zttVpKKEPo5KXOqwFaF.AlkGe',''),('69b47891-661d-47c3-adc2-c6ed14939525','Jose Daniel Rodriguez','698245390','pirolsaens@yahoo.es','$2b$12$uPFgQlkbOh.6u14lvUJ7u.quKlZVSorr2sjkIiZi0rR51YxCFewo2','');
/*!40000 ALTER TABLE `tb_usuarios` ENABLE KEYS */;
UNLOCK TABLES;
/*!40103 SET TIME_ZONE=@OLD_TIME_ZONE */;

/*!40101 SET SQL_MODE=@OLD_SQL_MODE */;
/*!40014 SET FOREIGN_KEY_CHECKS=@OLD_FOREIGN_KEY_CHECKS */;
/*!40014 SET UNIQUE_CHECKS=@OLD_UNIQUE_CHECKS */;
/*!40101 SET CHARACTER_SET_CLIENT=@OLD_CHARACTER_SET_CLIENT */;
/*!40101 SET CHARACTER_SET_RESULTS=@OLD_CHARACTER_SET_RESULTS */;
/*!40101 SET COLLATION_CONNECTION=@OLD_COLLATION_CONNECTION */;
/*!40111 SET SQL_NOTES=@OLD_SQL_NOTES */;

-- Dump completed on 2023-12-14 16:47:15
